snapshot_date,symbol,zone_type,zone_timeframe,zone_bottom,zone_top,quality_score,freshness,tests,base_time,touch_time,price_at_touch,raw_zone_outcome,bars_to_resolution,same_bar_ambiguous,max_reaction_zone_r,max_break_zone_r,structure_or_move_context,recent_move_pct,price_vs_9ema,price_vs_vwap,volume_ratio_recent,vpa_state
2026-02-03,AAPL,supply,1H,270.53,271.05,7.45,fresh,0,2026-01-02T15:30:00-05:00,2026-02-03 09:50 EST,270.918,supply_rejected,0.0,False,6.615,1.587,,,,,,
2026-02-03,AMD,demand,1D/4H/3H/2H/90m/1H,234.55,238.36,10.99,fresh,0,2026-01-30T00:00:00-05:00,2026-02-03 13:40 EST,238.49,demand_held,16.0,False,2.804,0.0,,,,,,
2026-02-03,AMD,supply,2H/90m,247.43,249.66,5.61,fresh,0,2026-02-02T11:30:00-05:00,2026-02-03 09:30 EST,249.48,supply_rejected,4.0,False,5.66,1.341,,,,,,
2026-02-03,AMD,supply,1D/4H/2H/90m/1H,251.89,255.55,10.38,fresh,0,2026-01-27T00:00:00-05:00,2026-02-03 09:30 EST,249.48,supply_rejected,1.0,False,5.058,0.0,,,,,,
2026-02-03,AMZN,demand,1D/4H/3H/2H/90m/1H,236.74,239.98,9.68,fresh,0,2026-01-30T00:00:00-05:00,2026-02-03 10:05 EST,239.36,demand_broken,37.0,False,1.164,0.398,,,,,,
2026-02-03,AMZN,supply,4H/2H/90m/1H,242.94,245.53,6.72,fresh,0,2026-01-28T13:30:00-05:00,2026-02-03 09:30 EST,244.65,supply_rejected,6.0,False,3.892,0.317,,,,,,
2026-02-03,ANET,demand,1D/4H/3H/2H/90m/1H,134.86,138.37,10.87,fresh,0,2026-01-23T00:00:00-05:00,2026-02-03 09:40 EST,138.215,demand_chop,,False,1.467,0.0,,,,,,
2026-02-03,ANET,supply,4H/3H/2H/90m/1H,140.56,144.51,7.97,fresh,0,2026-02-02T09:30:00-05:00,2026-02-03 09:30 EST,140.095,supply_rejected,5.0,False,2.324,0.0,,,,,,
2026-02-03,APP,demand,1D,434.02,450.68,7.66,fresh,0,2025-08-25T00:00:00-04:00,2026-02-03 10:15 EST,450.56,demand_held,9.0,False,2.247,0.0,,,,,,
2026-02-03,APP,demand,1D,458.65,469.0,5.24,multiple_tests,2,2025-08-27T00:00:00-04:00,2026-02-03 09:30 EST,468.0,demand_held,0.0,False,2.545,0.974,,,,,,
2026-02-03,APP,demand,1D/1H,472.42,480.72,4.95,one_test,1,2025-08-29T00:00:00-04:00,2026-02-03 09:30 EST,468.0,demand_broken,0.0,False,1.514,2.873,,,,,,
2026-02-03,ARM,demand,3H/2H/90m/1H,103.4,104.28,5.48,one_test,1,2026-01-14T12:30:00-05:00,2026-02-03 11:15 EST,104.405,demand_broken,15.0,False,1.511,2.08,,,,,,
2026-02-03,ARM,demand,1D/3H/2H/90m/1H,104.95,106.66,8.26,fresh,0,2026-01-16T00:00:00-05:00,2026-02-03 09:35 EST,106.49,demand_broken,17.0,False,1.491,1.977,,,,,,
2026-02-03,ARM,supply,4H/3H/90m/1H,106.51,108.12,6.49,fresh,0,2026-01-30T09:30:00-05:00,2026-02-03 09:30 EST,107.51,supply_rejected,18.0,False,4.068,0.77,,,,,,
2026-02-03,ASTS,demand,3H/2H,103.27,106.28,4.02,multiple_tests,3,2026-01-27T09:30:00-05:00,2026-02-03 09:30 EST,106.65,demand_held,0.0,False,4.455,0.0,,,,,,
2026-02-03,ASTS,demand,1D,103.27,111.34,5.54,multiple_tests,2,2026-01-27T00:00:00-05:00,2026-02-03 09:30 EST,106.65,demand_chop,,False,1.662,0.0,,,,,,
2026-02-03,ASTS,demand,4H/90m/1H,104.37,106.02,5.13,multiple_tests,2,2026-01-26T13:30:00-05:00,2026-02-03 09:35 EST,107.98,demand_held,0.0,False,7.461,0.0,,,,,,
2026-02-03,ASTS,supply,1H,106.57,107.92,2.83,one_test,1,2026-02-02T11:30:00-05:00,2026-02-03 09:30 EST,106.65,supply_broken,1.0,False,1.644,6.489,,,,,,
2026-02-03,ASTS,supply,90m,108.72,113.12,6.61,fresh,0,2026-01-30T15:30:00-05:00,2026-02-03 09:30 EST,106.65,supply_broken,11.0,False,1.686,0.809,,,,,,
2026-02-03,ASTS,supply,2H,108.72,113.12,6.58,fresh,0,2026-01-30T15:30:00-05:00,2026-02-03 09:30 EST,106.65,supply_broken,11.0,False,1.686,0.809,,,,,,
2026-02-03,ASTS,supply,1H,109.08,110.67,4.91,fresh,0,2026-02-02T09:30:00-05:00,2026-02-03 09:30 EST,106.65,supply_rejected,0.0,False,3.126,3.78,,,,,,
2026-02-03,ASTS,supply,4H,110.4,114.37,6.67,fresh,0,2026-01-30T13:30:00-05:00,2026-02-03 10:15 EST,110.145,supply_broken,5.0,False,1.584,0.582,,,,,,
2026-02-03,ASTS,supply,90m,112.1,113.79,3.96,one_test,1,2026-01-30T12:30:00-05:00,2026-02-03 10:20 EST,111.796,supply_rejected,0.0,False,3.316,1.71,,,,,,
2026-02-03,AVGO,demand,1D/4H/90m,314.11,320.05,8.51,fresh,0,2026-01-23T00:00:00-05:00,2026-02-03 10:20 EST,317.345,demand_broken,22.0,False,1.14,0.919,,,,,,
2026-02-03,AVGO,demand,1H,324.5,326.13,4.36,multiple_tests,4,2026-01-26T15:30:00-05:00,2026-02-03 09:50 EST,324.83,demand_held,0.0,False,2.748,9.724,,,,,,
2026-02-03,AVGO,demand,1D/4H/3H/2H/90m/1H,327.34,332.44,8.19,fresh,0,2026-01-30T00:00:00-05:00,2026-02-03 09:40 EST,327.885,demand_broken,2.0,False,1.139,3.665,,,,,,
2026-02-03,AVGO,supply,4H/2H/90m/1H,332.29,336.03,6.32,one_test,1,2026-01-20T13:30:00-05:00,2026-02-03 09:30 EST,335.014,supply_rejected,2.0,False,7.321,0.767,,,,,,
2026-02-03,COST,demand,90m/1H,961.69,964.3,5.98,fresh,0,2026-02-02T12:30:00-05:00,2026-02-03 09:30 EST,980.43,demand_held,0.0,False,11.098,0.0,,,,,,
2026-02-03,COST,supply,3H/2H/90m/1H,969.75,971.35,7.04,one_test,1,2026-01-27T15:30:00-05:00,2026-02-03 09:30 EST,980.43,supply_ambiguous_same_bar,0.0,True,4.419,12.065,,,,,,
2026-02-03,COST,supply,4H/3H/2H/90m/1H,977.69,989.64,10.69,fresh,0,2026-01-26T13:30:00-05:00,2026-02-03 09:30 EST,980.43,supply_rejected,0.0,False,2.122,0.085,,,,,,
2026-02-03,CRWD,demand,1D,407.06,417.58,7.56,fresh,0,2025-09-05T00:00:00-04:00,2026-02-03 12:05 EST,417.99,demand_chop,,False,1.468,0.0,,,,,,
2026-02-03,CRWD,demand,1D/3H,434.8,444.98,6.09,multiple_tests,4,2025-09-12T00:00:00-04:00,2026-02-03 09:30 EST,433.315,demand_broken,0.0,False,0.29,1.94,,,,,,
2026-02-03,GOOGL,demand,1D/4H/3H/2H/90m/1H,332.29,341.97,9.23,fresh,0,2026-01-30T00:00:00-05:00,2026-02-03 10:00 EST,342.52,demand_chop,,False,1.379,0.0,,,,,,
2026-02-03,HOOD,demand,2H,88.67,89.28,5.24,fresh,0,2026-02-02T13:30:00-05:00,2026-02-03 09:30 EST,89.43,demand_held,0.0,False,2.754,6.131,,,,,,
2026-02-03,IONQ,demand,1D,36.45,37.25,7.84,fresh,0,2025-08-21T00:00:00-04:00,2026-02-03 10:00 EST,37.74,demand_held,4.0,False,2.988,0.0,,,,,,
2026-02-03,IONQ,demand,90m,37.72,38.26,2.18,multiple_tests,2,2026-02-02T11:00:00-05:00,2026-02-03 09:35 EST,38.26,demand_held,0.0,False,2.093,2.019,,,,,,
2026-02-03,IONQ,demand,1D,38.0,42.56,6.12,multiple_tests,3,2025-11-21T00:00:00-05:00,2026-02-03 09:30 EST,38.64,demand_broken,2.0,False,0.399,0.3,,,,,,
2026-02-03,IONQ,demand,3H/2H/1H,38.11,38.3,6.04,fresh,0,2026-02-02T12:30:00-05:00,2026-02-03 09:35 EST,38.26,demand_held,0.0,False,3.895,7.789,,,,,,
2026-02-03,META,demand,90m,705.52,709.45,2.45,multiple_tests,2,2026-02-02T11:00:00-05:00,2026-02-03 09:30 EST,708.57,demand_held,1.0,False,2.921,4.863,,,,,,
2026-02-03,META,supply,4H/3H/2H/90m/1H,710.04,719.32,7.77,fresh,0,2026-01-30T13:30:00-05:00,2026-02-03 09:30 EST,708.57,supply_rejected,7.0,False,3.546,0.0,,,,,,
2026-02-03,MSFT,demand,90m/1H,423.0,424.77,4.28,multiple_tests,3,2026-01-29T12:30:00-05:00,2026-02-03 09:30 EST,416.555,demand_broken,0.0,False,0.0,8.158,,,,,,
2026-02-03,MSTR,demand,4H/90m/1H,139.36,143.23,4.94,multiple_tests,3,2026-01-29T13:30:00-05:00,2026-02-03 09:30 EST,138.78,demand_broken,0.0,False,0.225,3.261,,,,,,
2026-02-03,MU,demand,1D/90m/1H,399.6,410.24,7.29,one_test,1,2026-01-27T00:00:00-05:00,2026-02-03 13:55 EST,409.555,demand_chop,,False,1.898,0.0,,,,,,
2026-02-03,MU,demand,4H/3H/2H/90m/1H,408.63,414.73,10.13,fresh,0,2026-01-27T13:30:00-05:00,2026-02-03 10:20 EST,415.755,demand_held,3.0,False,3.428,0.18,,,,,,
2026-02-03,MU,supply,90m/1H,435.92,443.2,5.63,fresh,0,2026-02-02T12:30:00-05:00,2026-02-03 09:30 EST,433.98,supply_rejected,2.0,False,4.9,0.0,,,,,,
2026-02-03,NET,demand,1H,169.6,170.66,5.04,fresh,0,2026-01-22T11:30:00-05:00,2026-02-03 10:10 EST,170.195,demand_broken,1.0,False,1.594,5.368,,,,,,
2026-02-03,NET,demand,1D/4H/3H/2H/90m/1H,172.15,174.96,11.95,one_test,1,2026-01-23T00:00:00-05:00,2026-02-03 09:50 EST,173.83,demand_broken,3.0,False,1.178,2.932,,,,,,
2026-02-03,NET,demand,1D/4H,175.63,179.59,8.11,fresh,0,2026-01-30T00:00:00-05:00,2026-02-03 09:30 EST,178.85,demand_broken,3.0,False,1.524,2.96,,,,,,
2026-02-03,NFLX,demand,3H/2H/90m/1H,82.35,82.89,3.98,multiple_tests,3,2026-01-29T12:30:00-05:00,2026-02-03 09:30 EST,82.018,demand_broken,0.0,False,0.185,5.056,,,,,,
2026-02-03,NOW,demand,2H/90m/1H,113.13,114.4,8.02,fresh,0,2026-01-29T13:30:00-05:00,2026-02-03 09:30 EST,110.75,demand_ambiguous_same_bar,0.0,True,2.173,3.961,,,,,,
2026-02-03,NOW,demand,4H/3H/2H/90m/1H,115.89,117.82,8.77,fresh,0,2026-01-30T13:30:00-05:00,2026-02-03 09:30 EST,110.75,demand_broken,0.0,False,0.0,4.036,,,,,,
2026-02-03,NVDA,demand,2H/90m/1H,177.61,178.5,9.07,fresh,0,2026-01-20T15:30:00-05:00,2026-02-03 13:55 EST,178.43,demand_held,4.0,False,3.472,1.551,,,,,,
2026-02-03,NVDA,demand,1H,179.19,180.25,5.84,fresh,0,2026-01-21T12:30:00-05:00,2026-02-03 10:15 EST,180.72,demand_broken,14.0,False,1.726,2.792,,,,,,
2026-02-03,NVDA,demand,4H/2H/90m/1H,183.0,184.85,8.67,fresh,0,2026-01-22T13:30:00-05:00,2026-02-03 09:30 EST,184.17,demand_broken,4.0,False,1.778,3.659,,,,,,
2026-02-03,PANW,demand,1D,166.21,168.17,8.35,fresh,0,2025-08-11T00:00:00-04:00,2026-02-03 10:10 EST,167.72,demand_broken,4.0,False,1.179,1.469,,,,,,
2026-02-03,PANW,demand,2H/1H,173.69,175.04,4.0,multiple_tests,2,2026-01-29T13:30:00-05:00,2026-02-03 09:30 EST,173.29,demand_broken,0.0,False,0.637,7.674,,,,,,
2026-02-03,PLTR,supply,4H,146.65,148.04,5.78,one_test,1,2026-01-30T13:30:00-05:00,2026-02-03 09:30 EST,159.582,supply_broken,0.0,False,0.0,12.258,,,,,,
2026-02-03,PLTR,supply,4H/2H/1H,148.85,151.98,8.03,fresh,0,2026-01-29T13:30:00-05:00,2026-02-03 09:30 EST,159.582,supply_broken,0.0,False,0.0,4.185,,,,,,
2026-02-03,PLTR,supply,90m/1H,158.54,160.05,6.7,fresh,0,2026-01-28T12:30:00-05:00,2026-02-03 09:30 EST,159.582,supply_rejected,2.0,False,4.589,3.33,,,,,,
2026-02-03,PLTR,supply,1H,162.85,163.23,7.51,fresh,0,2026-01-28T10:30:00-05:00,2026-02-03 09:30 EST,159.582,supply_rejected,0.0,False,26.605,4.863,,,,,,
2026-02-03,QQQ,demand,1D/2H/90m/1H,606.92,611.57,9.37,fresh,0,2025-12-18T00:00:00-05:00,2026-02-03 14:00 EST,611.27,demand_held,23.0,False,2.118,0.0,,,,,,
2026-02-03,QQQ,demand,4H/3H/2H/90m/1H,618.91,623.22,9.16,fresh,0,2026-01-30T13:30:00-05:00,2026-02-03 09:40 EST,623.89,demand_held,0.0,False,2.568,1.845,,,,,,
2026-02-03,QQQ,supply,2H/90m,627.14,628.49,5.54,fresh,0,2026-02-02T11:30:00-05:00,2026-02-03 09:30 EST,626.84,supply_rejected,1.0,False,12.985,1.104,,,,,,
2026-02-03,RBLX,demand,4H,64.54,65.95,7.13,fresh,0,2026-01-30T13:30:00-05:00,2026-02-03 09:30 EST,65.323,demand_broken,3.0,False,1.706,1.0,,,,,,
2026-02-03,RKLB,supply,2H/90m/1H,75.6,76.37,6.37,fresh,0,2026-02-02T11:30:00-05:00,2026-02-03 09:30 EST,77.83,supply_broken,0.0,False,0.779,6.429,,,,,,
2026-02-03,RKLB,supply,4H/1H,79.29,80.78,7.3,fresh,0,2026-01-30T13:30:00-05:00,2026-02-03 10:50 EST,79.09,supply_rejected,5.0,False,3.362,0.362,,,,,,
2026-02-03,SHOP,demand,1D,115.95,118.6,8.42,fresh,0,2025-08-01T00:00:00-04:00,2026-02-03 12:35 EST,118.59,demand_chop,,False,1.502,0.0,,,,,,
2026-02-03,SHOP,demand,1D,123.0,127.0,13.0,fresh,0,2025-08-05T00:00:00-04:00,2026-02-03 09:40 EST,127.14,demand_broken,12.0,False,1.26,1.375,,,,,,
2026-02-03,SHOP,demand,3H/2H/90m/1H,130.43,131.29,6.25,multiple_tests,2,2026-01-30T15:30:00-05:00,2026-02-03 09:30 EST,129.53,demand_broken,0.0,False,1.436,15.035,,,,,,
2026-02-03,SMCI,demand,1D/4H/3H/2H/90m/1H,28.57,29.42,10.66,fresh,0,2026-01-15T00:00:00-05:00,2026-02-03 09:50 EST,29.38,demand_chop,,False,1.488,0.0,,,,,,
2026-02-03,SNOW,demand,1D,188.0,193.06,5.22,multiple_tests,5,2025-08-12T00:00:00-04:00,2026-02-03 09:30 EST,187.986,demand_broken,0.0,False,0.429,3.761,,,,,,
2026-02-03,SOFI,demand,1D,21.02,21.47,5.78,one_test,1,2025-08-06T00:00:00-04:00,2026-02-03 12:10 EST,21.509,demand_chop,,False,1.778,0.0,,,,,,
2026-02-03,SOFI,supply,2H/90m/1H,22.39,23.0,7.08,fresh,0,2026-02-02T11:30:00-05:00,2026-02-03 09:30 EST,22.729,supply_rejected,23.0,False,3.246,0.59,,,,,,
2026-02-03,SOFI,supply,2H/90m/1H,22.86,23.18,5.87,fresh,0,2026-01-30T11:30:00-05:00,2026-02-03 09:30 EST,22.729,supply_rejected,1.0,False,6.75,0.562,,,,,,
2026-02-03,SPY,demand,1D/4H/3H/2H/90m/1H,684.63,691.85,9.13,fresh,0,2026-01-23T00:00:00-05:00,2026-02-03 10:10 EST,691.91,demand_broken,46.0,False,1.219,0.083,,,,,,
2026-02-03,SPY,supply,4H/3H/2H/90m/1H,695.16,696.93,9.78,fresh,0,2026-01-28T13:30:00-05:00,2026-02-03 09:30 EST,696.09,supply_rejected,5.0,False,7.288,0.017,,,,,,
2026-02-03,TEM,demand,1D,53.39,55.18,6.06,one_test,1,2025-08-01T00:00:00-04:00,2026-02-03 13:20 EST,55.228,demand_chop,,False,1.5,0.0,,,,,,
2026-02-03,TEM,supply,2H/1H,59.17,60.02,5.98,fresh,0,2026-02-02T11:30:00-05:00,2026-02-03 09:30 EST,58.725,supply_rejected,3.0,False,6.612,0.0,,,,,,
2026-02-03,TSLA,demand,3H/2H/90m/1H,414.5,421.25,10.94,fresh,0,2026-01-29T15:30:00-05:00,2026-02-03 09:30 EST,424.888,demand_held,16.0,False,2.083,0.12,,,,,,
2026-02-03,TSLA,supply,3H/1H,423.29,427.15,5.52,fresh,0,2026-02-02T12:30:00-05:00,2026-02-03 09:30 EST,424.888,supply_broken,27.0,False,3.487,0.365,,,,,,
2026-02-03,UBER,demand,1D/4H/2H,78.31,80.05,8.71,fresh,0,2025-12-19T00:00:00-05:00,2026-02-03 09:30 EST,79.81,demand_broken,10.0,False,1.362,0.58,,,,,,
2026-02-04,AAPL,supply,1D,272.81,274.08,5.44,one_test,1,2025-12-30T00:00:00-05:00,2026-02-04 09:30 EST,274.615,supply_broken,0.0,False,1.413,3.835,,,,,,
2026-02-04,AAPL,supply,1D,277.89,279.67,8.49,fresh,0,2025-12-12T00:00:00-05:00,2026-02-04 09:50 EST,278.125,supply_rejected,2.0,False,3.669,0.0,,,,,,
2026-02-04,AMD,demand,1D,195.0,208.81,5.2,multiple_tests,11,2025-11-21T00:00:00-05:00,2026-02-04 09:55 EST,207.395,demand_chop,,False,1.064,0.0,,,,,,
2026-02-04,AMD,demand,1D,200.5,205.72,8.09,fresh,0,2026-01-09T00:00:00-05:00,2026-02-04 10:35 EST,206.67,demand_broken,24.0,False,1.517,0.259,,,,,,
2026-02-04,AMD,demand,4H/3H/2H/90m/1H,219.58,223.53,11.65,fresh,0,2026-01-14T13:30:00-05:00,2026-02-04 09:30 EST,211.66,demand_broken,0.0,False,0.0,5.172,,,,,,
2026-02-04,AMD,demand,1D/4H/90m/1H,228.86,234.3,12.25,fresh,0,2026-01-16T00:00:00-05:00,2026-02-04 09:30 EST,211.66,demand_broken,0.0,False,0.0,5.461,,,,,,
2026-02-04,AMD,demand,1D/4H/3H/2H/90m/1H,234.55,240.34,10.99,fresh,0,2026-01-30T00:00:00-05:00,2026-02-04 09:30 EST,211.66,demand_broken,0.0,False,0.0,6.114,,,,,,
2026-02-04,AMZN,demand,1D/4H/3H/2H/90m/1H,230.19,235.19,9.5,fresh,0,2026-01-22T00:00:00-05:00,2026-02-04 09:55 EST,235.28,demand_chop,,False,1.616,0.0,,,,,,
2026-02-04,AMZN,demand,1D/3H/2H,235.45,239.98,7.51,fresh,0,2026-01-30T00:00:00-05:00,2026-02-04 09:30 EST,237.01,demand_broken,5.0,False,0.753,0.801,,,,,,
2026-02-04,ANET,demand,1D/4H/3H/2H/90m/1H,134.86,138.37,8.37,fresh,0,2026-01-23T00:00:00-05:00,2026-02-04 09:30 EST,136.86,demand_broken,19.0,False,1.285,1.601,,,,,,
2026-02-04,APP,demand,1D,408.8,418.76,8.03,fresh,0,2025-08-21T00:00:00-04:00,2026-02-04 09:30 EST,395.86,demand_broken,0.0,False,0.146,2.651,,,,,,
2026-02-04,APP,demand,1D,434.02,450.68,6.16,one_test,1,2025-08-25T00:00:00-04:00,2026-02-04 09:30 EST,395.86,demand_broken,0.0,False,0.0,3.098,,,,,,
2026-02-04,APP,demand,3H/2H/1H,448.57,457.74,6.21,fresh,0,2026-02-03T12:30:00-05:00,2026-02-04 09:30 EST,395.86,demand_broken,0.0,False,0.0,7.216,,,,,,
2026-02-04,APP,demand,1D,458.65,469.0,5.24,multiple_tests,3,2025-08-27T00:00:00-04:00,2026-02-04 09:30 EST,395.86,demand_broken,0.0,False,0.0,7.367,,,,,,
2026-02-04,ARM,demand,3H/2H/1H,101.57,103.69,7.09,fresh,0,2026-02-03T12:30:00-05:00,2026-02-04 10:00 EST,103.56,demand_held,8.0,False,3.12,0.0,,,,,,
2026-02-04,ARM,supply,1H,103.66,104.65,3.24,one_test,1,2026-02-03T11:30:00-05:00,2026-02-04 09:30 EST,104.98,supply_broken,0.0,False,1.667,3.571,,,,,,
2026-02-04,ARM,supply,4H/3H/90m/1H,106.51,108.12,8.85,fresh,0,2026-02-02T13:30:00-05:00,2026-02-04 09:40 EST,106.01,supply_rejected,2.0,False,3.18,0.04,,,,,,
2026-02-04,ASTS,demand,1H,96.93,100.14,5.91,fresh,0,2026-01-21T13:30:00-05:00,2026-02-04 11:35 EST,99.57,demand_held,7.0,False,2.822,0.0,,,,,,
2026-02-04,ASTS,demand,4H,96.93,103.54,6.29,one_test,1,2026-01-21T13:30:00-05:00,2026-02-04 10:30 EST,102.05,demand_chop,,False,1.371,0.0,,,,,,
2026-02-04,ASTS,demand,90m,97.14,100.14,3.58,multiple_tests,3,2026-01-15T11:00:00-05:00,2026-02-04 11:35 EST,99.57,demand_held,7.0,False,2.95,0.0,,,,,,
2026-02-04,ASTS,demand,90m,98.11,99.48,6.22,fresh,0,2026-01-21T12:30:00-05:00,2026-02-04 11:40 EST,99.05,demand_held,2.0,False,5.752,0.372,,,,,,
2026-02-04,ASTS,demand,3H/2H,103.27,106.28,4.02,multiple_tests,4,2026-01-27T09:30:00-05:00,2026-02-04 10:20 EST,107.04,demand_broken,2.0,False,1.385,1.884,,,,,,
2026-02-04,ASTS,demand,1D,103.27,111.34,5.54,multiple_tests,3,2026-01-27T00:00:00-05:00,2026-02-04 09:30 EST,111.42,demand_broken,12.0,False,1.409,0.703,,,,,,
2026-02-04,ASTS,demand,4H/90m/1H,104.06,106.02,8.83,fresh,0,2026-02-02T13:30:00-05:00,2026-02-04 10:25 EST,105.026,demand_broken,1.0,False,1.724,3.296,,,,,,
2026-02-04,ASTS,demand,2H,108.19,113.6,4.76,fresh,0,2026-02-03T13:30:00-05:00,2026-02-04 09:30 EST,111.42,demand_broken,5.0,False,1.192,1.957,,,,,,
2026-02-04,ASTS,supply,90m/1H,113.56,116.68,4.13,multiple_tests,2,2026-02-03T11:00:00-05:00,2026-02-04 09:30 EST,111.42,supply_rejected,0.0,False,6.115,0.0,,,,,,
2026-02-04,AVGO,demand,1D,291.71,300.25,5.95,multiple_tests,3,2025-08-27T00:00:00-04:00,2026-02-04 12:20 EST,300.535,demand_held,36.0,False,2.083,0.0,,,,,,
2026-02-04,AVGO,demand,1D,296.4,302.39,8.16,fresh,0,2025-09-03T00:00:00-04:00,2026-02-04 11:45 EST,303.16,demand_broken,10.0,False,2.187,0.184,,,,,,
2026-02-04,AVGO,demand,1H,308.7,311.53,5.57,fresh,0,2026-02-03T13:30:00-05:00,2026-02-04 10:00 EST,312.675,demand_held,5.0,False,2.039,4.735,,,,,,
2026-02-04,AVGO,demand,1D,314.11,320.05,6.01,one_test,1,2026-01-23T00:00:00-05:00,2026-02-04 09:30 EST,314.855,demand_broken,6.0,False,0.909,3.167,,,,,,
2026-02-04,AVGO,supply,1H,316.71,320.36,4.31,one_test,1,2026-02-03T10:30:00-05:00,2026-02-04 09:30 EST,314.855,supply_rejected,6.0,False,6.866,0.0,,,,,,
2026-02-04,COIN,demand,3H/1H,174.05,177.8,6.0,fresh,0,2026-02-03T12:30:00-05:00,2026-02-04 09:30 EST,174.12,demand_broken,4.0,False,0.72,2.568,,,,,,
2026-02-04,COST,demand,1H,975.0,976.84,4.72,fresh,0,2026-02-03T14:30:00-05:00,2026-02-04 15:55 EST,978.31,demand_held,0.0,False,2.147,0.0,,,,,,
2026-02-04,COST,supply,4H/2H/1H,978.89,990.65,7.37,fresh,0,2026-01-21T13:30:00-05:00,2026-02-04 09:30 EST,985.99,supply_broken,3.0,False,1.315,0.336,,,,,,
2026-02-04,CRM,demand,3H,193.11,195.89,5.24,fresh,0,2026-02-03T12:30:00-05:00,2026-02-04 09:30 EST,191.37,demand_broken,0.0,False,2.721,2.097,,,,,,
2026-02-04,CRM,supply,1H,197.91,199.47,6.23,fresh,0,2026-02-03T10:30:00-05:00,2026-02-04 10:25 EST,197.265,supply_rejected,0.0,False,3.955,0.772,,,,,,
2026-02-04,CRWD,demand,1D,402.66,413.2,6.93,fresh,0,2025-09-04T00:00:00-04:00,2026-02-04 09:30 EST,410.0,demand_broken,6.0,False,1.833,0.105,,,,,,
2026-02-04,CRWD,demand,1D/2H/90m,407.06,418.73,7.06,fresh,0,2025-09-05T00:00:00-04:00,2026-02-04 09:30 EST,410.0,demand_broken,4.0,False,1.278,0.472,,,,,,
2026-02-04,GOOGL,demand,4H/3H/2H/90m/1H,325.75,328.61,7.94,one_test,1,2026-01-23T13:30:00-05:00,2026-02-04 12:45 EST,329.04,demand_held,2.0,False,3.021,0.0,,,,,,
2026-02-04,GOOGL,demand,1D/4H/3H/2H/90m/1H,332.29,340.0,7.73,one_test,1,2026-01-30T00:00:00-05:00,2026-02-04 09:30 EST,341.48,demand_broken,26.0,False,1.429,0.489,,,,,,
2026-02-04,GOOGL,supply,4H/3H/2H/90m/1H,343.13,345.64,8.7,fresh,0,2026-02-02T13:30:00-05:00,2026-02-04 09:30 EST,341.48,supply_rejected,0.0,False,6.821,0.0,,,,,,
2026-02-04,HIMS,demand,3H/2H/90m/1H,24.64,25.08,6.94,fresh,0,2026-02-03T12:30:00-05:00,2026-02-04 10:00 EST,25.135,demand_held,2.0,False,2.568,1.477,,,,,,
2026-02-04,HIMS,supply,4H/3H/2H/90m/1H,27.01,27.65,7.72,fresh,0,2026-02-02T09:30:00-05:00,2026-02-04 09:30 EST,26.117,supply_rejected,0.0,False,5.719,0.0,,,,,,
2026-02-04,HOOD,demand,2H/90m/1H,84.93,85.98,6.18,fresh,0,2026-02-03T13:30:00-05:00,2026-02-04 09:30 EST,82.66,demand_broken,0.0,False,0.352,6.962,,,,,,
2026-02-04,INTC,demand,4H/2H/90m/1H,45.96,47.26,9.35,fresh,0,2026-01-30T13:30:00-05:00,2026-02-04 10:55 EST,47.28,demand_held,43.0,False,2.865,0.0,,,,,,
2026-02-04,INTC,demand,2H/90m/1H,48.43,48.94,6.22,fresh,0,2026-02-03T13:30:00-05:00,2026-02-04 09:30 EST,48.775,demand_held,0.0,False,2.486,2.804,,,,,,
2026-02-04,INTC,supply,4H/1H,48.8,50.16,6.09,fresh,0,2026-02-02T13:30:00-05:00,2026-02-04 09:30 EST,48.775,supply_rejected,17.0,False,2.324,0.0,,,,,,
2026-02-04,IONQ,demand,1D/2H/1H,36.45,37.47,7.34,fresh,0,2025-08-21T00:00:00-04:00,2026-02-04 09:30 EST,36.83,demand_held,0.0,False,2.059,2.765,,,,,,
2026-02-04,IONQ,demand,3H/1H,36.63,37.69,5.81,fresh,0,2026-02-03T12:30:00-05:00,2026-02-04 09:30 EST,36.83,demand_broken,4.0,False,1.811,2.83,,,,,,
2026-02-04,IONQ,demand,1D,38.0,42.56,6.12,multiple_tests,4,2025-11-21T00:00:00-05:00,2026-02-04 09:30 EST,36.83,demand_broken,0.0,False,0.121,0.958,,,,,,
2026-02-04,IONQ,supply,4H/2H/90m/1H,38.13,39.12,6.49,one_test,1,2026-02-02T13:30:00-05:00,2026-02-04 09:30 EST,36.83,supply_rejected,0.0,False,5.545,0.0,,,,,,
2026-02-04,META,demand,1D/4H/3H/2H/90m/1H,665.89,674.5,14.5,fresh,0,2026-01-28T00:00:00-05:00,2026-02-04 09:55 EST,672.54,demand_chop,,False,1.733,0.0,,,,,,
2026-02-04,META,demand,90m/1H,686.41,688.35,5.32,fresh,0,2026-02-03T14:00:00-05:00,2026-02-04 09:30 EST,680.31,demand_broken,0.0,False,1.247,9.768,,,,,,
2026-02-04,MSFT,demand,90m,408.56,409.84,4.56,fresh,0,2026-02-03T14:00:00-05:00,2026-02-04 09:50 EST,410.52,demand_held,0.0,False,8.781,0.0,,,,,,
2026-02-04,MSFT,supply,2H/1H,412.28,414.68,5.9,fresh,0,2026-02-03T11:30:00-05:00,2026-02-04 09:30 EST,412.6,supply_rejected,4.0,False,2.267,2.133,,,,,,
2026-02-04,MSTR,demand,1H,126.74,129.11,4.82,fresh,0,2026-02-03T13:30:00-05:00,2026-02-04 09:30 EST,128.55,demand_broken,5.0,False,1.721,2.343,,,,,,
2026-02-04,MU,demand,4H/3H/2H/90m/1H,361.35,366.79,12.5,fresh,0,2026-01-20T13:30:00-05:00,2026-02-04 12:40 EST,368.571,demand_held,3.0,False,4.07,0.0,,,,,,
2026-02-04,MU,demand,1D/4H/2H,384.3,395.5,9.56,fresh,0,2026-01-26T00:00:00-05:00,2026-02-04 10:15 EST,393.945,demand_broken,9.0,False,1.481,1.821,,,,,,
2026-02-04,MU,demand,1D/90m/1H,399.6,410.24,7.29,multiple_tests,2,2026-01-27T00:00:00-05:00,2026-02-04 09:30 EST,403.659,demand_broken,9.0,False,1.259,3.355,,,,,,
2026-02-04,MU,demand,4H/3H/2H/90m/1H,407.53,415.63,8.38,fresh,0,2026-01-27T13:30:00-05:00,2026-02-04 09:30 EST,403.659,demand_broken,0.0,False,0.675,5.386,,,,,,
2026-02-04,NET,demand,2H/1H,163.91,167.33,5.84,fresh,0,2026-02-03T11:30:00-05:00,2026-02-04 11:45 EST,167.37,demand_broken,10.0,False,1.427,0.494,,,,,,
2026-02-04,NFLX,supply,90m/1H,80.28,80.9,6.38,fresh,0,2026-02-03T12:30:00-05:00,2026-02-04 10:10 EST,80.36,supply_broken,2.0,False,1.355,0.863,,,,,,
2026-02-04,NOW,demand,3H/2H/90m/1H,108.1,109.27,7.13,fresh,0,2026-02-03T12:30:00-05:00,2026-02-04 09:30 EST,106.245,demand_broken,0.0,False,2.607,2.436,,,,,,
2026-02-04,NOW,supply,2H,109.27,109.92,3.76,one_test,1,2026-02-03T11:30:00-05:00,2026-02-04 10:10 EST,109.74,supply_rejected,0.0,False,4.569,1.892,,,,,,
2026-02-04,NVDA,demand,1D,168.41,172.64,5.87,multiple_tests,3,2025-09-17T00:00:00-04:00,2026-02-04 12:35 EST,172.37,demand_chop,,False,1.827,0.0,,,,,,
2026-02-04,NVDA,demand,1D,171.82,174.53,8.79,fresh,0,2025-12-18T00:00:00-05:00,2026-02-04 11:20 EST,175.29,demand_chop,,False,1.594,0.0,,,,,,
2026-02-04,NVDA,demand,2H/90m/1H,176.23,179.15,8.07,fresh,0,2026-01-20T15:30:00-05:00,2026-02-04 09:30 EST,177.96,demand_broken,17.0,False,1.147,1.479,,,,,,
2026-02-04,NVDA,supply,2H/90m,179.09,180.83,4.49,one_test,1,2026-02-03T11:30:00-05:00,2026-02-04 09:30 EST,177.96,supply_rejected,0.0,False,5.126,0.0,,,,,,
2026-02-04,PANW,demand,2H/90m,163.33,165.03,5.92,fresh,0,2026-02-03T13:30:00-05:00,2026-02-04 09:30 EST,162.915,demand_broken,0.0,False,2.488,2.288,,,,,,
2026-02-04,PANW,demand,1D,166.21,168.17,6.85,one_test,1,2025-08-11T00:00:00-04:00,2026-02-04 09:30 EST,162.915,demand_broken,0.0,False,0.689,3.454,,,,,,
2026-02-04,PANW,supply,90m/1H,165.65,167.3,4.51,one_test,1,2026-02-03T11:00:00-05:00,2026-02-04 10:20 EST,165.59,supply_rejected,25.0,False,2.588,0.158,,,,,,
2026-02-04,PLTR,demand,90m/1H,155.35,156.94,5.37,fresh,0,2026-02-03T14:00:00-05:00,2026-02-04 09:30 EST,149.93,demand_broken,0.0,False,0.314,12.371,,,,,,
2026-02-04,QQQ,demand,1D/2H/90m/1H,606.92,613.68,9.37,fresh,0,2025-12-18T00:00:00-05:00,2026-02-04 09:30 EST,612.622,demand_broken,25.0,False,1.21,0.954,,,,,,
2026-02-04,RBLX,demand,2H/90m/1H,63.59,64.88,6.36,fresh,0,2026-02-03T13:30:00-05:00,2026-02-04 09:30 EST,62.42,demand_broken,0.0,False,1.14,1.364,,,,,,
2026-02-04,RBLX,demand,4H,64.54,65.95,4.63,multiple_tests,2,2026-01-30T13:30:00-05:00,2026-02-04 09:30 EST,62.42,demand_broken,0.0,False,0.369,1.922,,,,,,
2026-02-04,RKLB,demand,1D,69.13,71.5,6.87,one_test,1,2025-12-31T00:00:00-05:00,2026-02-04 11:05 EST,71.555,demand_broken,18.0,False,1.962,0.239,,,,,,
2026-02-04,RKLB,demand,90m/1H,72.95,74.69,8.31,fresh,0,2026-02-02T15:30:00-05:00,2026-02-04 10:30 EST,73.565,demand_broken,5.0,False,1.287,2.521,,,,,,
2026-02-04,RKLB,demand,1H,75.77,77.78,4.6,fresh,0,2026-02-03T13:30:00-05:00,2026-02-04 09:35 EST,78.338,demand_broken,5.0,False,1.691,3.586,,,,,,
2026-02-04,RKLB,demand,2H,75.77,78.76,5.35,fresh,0,2026-02-03T13:30:00-05:00,2026-02-04 09:30 EST,78.1,demand_broken,6.0,False,1.866,2.41,,,,,,
2026-02-04,RKLB,demand,3H,75.77,78.76,5.63,fresh,0,2026-02-03T12:30:00-05:00,2026-02-04 09:30 EST,78.1,demand_broken,6.0,False,1.866,2.41,,,,,,
2026-02-04,RKLB,demand,4H,75.97,78.6,6.33,fresh,0,2026-02-03T09:30:00-05:00,2026-02-04 09:30 EST,78.1,demand_held,0.0,False,2.046,2.816,,,,,,
2026-02-04,RKLB,demand,2H/1H,76.75,78.76,5.88,fresh,0,2026-02-03T11:30:00-05:00,2026-02-04 09:30 EST,78.1,demand_held,0.0,False,2.289,4.073,,,,,,
2026-02-04,SHOP,demand,1D/2H/1H,115.95,118.6,7.92,fresh,0,2025-08-01T00:00:00-04:00,2026-02-04 09:30 EST,113.41,demand_broken,0.0,False,0.17,2.287,,,,,,
2026-02-04,SMCI,supply,90m,29.35,29.77,3.17,multiple_tests,2,2026-02-03T11:00:00-05:00,2026-02-04 09:30 EST,33.56,supply_broken,0.0,False,0.0,12.31,,,,,,
2026-02-04,SMCI,supply,90m/1H,30.45,30.96,7.22,fresh,0,2026-02-02T12:30:00-05:00,2026-02-04 09:30 EST,33.56,supply_broken,0.0,False,0.0,7.804,,,,,,
2026-02-04,SMCI,supply,2H/90m/1H,31.04,31.28,10.59,fresh,0,2026-01-28T15:30:00-05:00,2026-02-04 09:30 EST,33.56,supply_broken,0.0,False,0.0,15.25,,,,,,
2026-02-04,SMCI,supply,4H/2H/90m/1H,31.57,32.33,7.59,fresh,0,2026-01-28T09:30:00-05:00,2026-02-04 09:30 EST,33.56,supply_broken,0.0,False,0.829,3.434,,,,,,
2026-02-04,SMCI,supply,4H,31.95,32.98,5.25,multiple_tests,6,2026-01-16T13:30:00-05:00,2026-02-04 09:30 EST,33.56,supply_broken,0.0,False,1.243,1.903,,,,,,
2026-02-04,SMCI,supply,90m,32.09,32.27,3.72,one_test,1,2026-01-23T11:00:00-05:00,2026-02-04 09:30 EST,33.56,supply_ambiguous_same_bar,0.0,True,3.167,14.833,,,,,,
2026-02-04,SMCI,supply,1H,32.43,32.59,4.87,one_test,1,2026-01-22T15:30:00-05:00,2026-02-04 09:30 EST,33.56,supply_ambiguous_same_bar,0.0,True,5.562,14.687,,,,,,
2026-02-04,SMCI,supply,1D,32.45,33.48,7.74,fresh,0,2026-01-22T00:00:00-05:00,2026-02-04 09:30 EST,33.56,supply_broken,0.0,False,1.728,1.417,,,,,,
2026-02-04,SMCI,supply,4H,32.46,32.75,7.37,fresh,0,2026-01-22T13:30:00-05:00,2026-02-04 09:30 EST,33.56,supply_ambiguous_same_bar,0.0,True,3.621,7.552,,,,,,
2026-02-04,SMCI,supply,3H/2H/90m/1H,32.9,33.48,5.64,one_test,1,2026-01-22T09:30:00-05:00,2026-02-04 09:30 EST,33.56,supply_ambiguous_same_bar,0.0,True,3.069,2.517,,,,,,
2026-02-04,SMCI,supply,1D,34.02,34.16,7.91,fresh,0,2025-12-11T00:00:00-05:00,2026-02-04 09:35 EST,33.99,supply_rejected,0.0,False,16.5,5.571,,,,,,
2026-02-04,SNOW,demand,2H/90m/1H,168.97,170.96,7.5,fresh,0,2026-02-03T13:30:00-05:00,2026-02-04 09:30 EST,167.02,demand_broken,0.0,False,1.271,4.749,,,,,,
2026-02-04,SOFI,demand,1D/3H/2H/1H,21.02,21.47,7.03,fresh,0,2025-08-06T00:00:00-04:00,2026-02-04 09:30 EST,21.32,demand_broken,5.0,False,1.656,2.111,,,,,,
2026-02-04,SPY,demand,1D/3H/1H,684.03,689.23,6.04,fresh,0,2026-01-23T00:00:00-05:00,2026-02-04 09:30 EST,689.58,demand_broken,35.0,False,1.427,0.437,,,,,,
2026-02-04,TEM,demand,1D,53.39,55.18,5.06,multiple_tests,2,2025-08-01T00:00:00-04:00,2026-02-04 09:30 EST,54.24,demand_broken,4.0,False,1.185,1.96,,,,,,
2026-02-04,TEM,demand,2H/90m/1H,54.4,55.15,6.2,fresh,0,2026-02-03T13:30:00-05:00,2026-02-04 09:30 EST,54.24,demand_broken,0.0,False,1.481,6.026,,,,,,
2026-02-04,TSLA,demand,1D,383.76,402.32,8.43,fresh,0,2025-11-21T00:00:00-05:00,2026-02-04 12:35 EST,400.94,demand_chop,,False,1.379,0.0,,,,,,
2026-02-04,TSLA,demand,3H/2H/90m/1H,413.69,421.25,9.94,fresh,0,2026-01-29T15:30:00-05:00,2026-02-04 09:30 EST,418.291,demand_broken,12.0,False,1.351,1.919,,,,,,
2026-02-04,TSLA,supply,1D/3H/1H,421.29,428.56,8.42,fresh,0,2026-02-02T00:00:00-05:00,2026-02-04 09:35 EST,423.2,supply_rejected,11.0,False,4.041,0.0,,,,,,
2026-02-04,UBER,demand,3H,77.3,77.76,5.28,fresh,0,2026-02-03T12:30:00-05:00,2026-02-04 09:30 EST,74.76,demand_broken,0.0,False,0.898,11.782,,,,,,
2026-02-04,UBER,supply,1H,77.64,78.07,2.26,multiple_tests,2,2026-02-03T12:30:00-05:00,2026-02-04 09:30 EST,74.76,supply_rejected,0.0,False,14.395,0.0,,,,,,
2026-02-05,AAPL,demand,90m/1H,273.14,275.63,6.12,fresh,0,2026-02-04T12:30:00-05:00,2026-02-05 09:35 EST,274.975,demand_chop,,False,1.839,0.0,,,,,,
2026-02-05,AAPL,supply,1D,277.89,279.67,6.99,one_test,1,2025-12-12T00:00:00-05:00,2026-02-05 09:30 EST,276.32,supply_rejected,0.0,False,3.618,0.0,,,,,,
2026-02-05,AMD,demand,1D,195.0,208.81,5.2,multiple_tests,12,2025-11-21T00:00:00-05:00,2026-02-05 09:30 EST,200.8,demand_broken,8.0,False,0.655,0.31,,,,,,
2026-02-05,AMD,demand,90m,199.15,200.69,4.03,one_test,1,2026-02-04T12:30:00-05:00,2026-02-05 09:30 EST,200.8,demand_held,1.0,False,3.175,5.474,,,,,,
2026-02-05,AMD,supply,2H/1H,200.97,204.26,5.43,fresh,0,2026-02-04T13:30:00-05:00,2026-02-05 09:30 EST,200.8,supply_rejected,0.0,False,4.116,0.0,,,,,,
2026-02-05,AMZN,demand,1D,215.18,220.69,7.85,fresh,0,2025-11-21T00:00:00-05:00,2026-02-05 10:10 EST,220.725,demand_chop,,False,1.882,0.0,,,,,,
2026-02-05,AMZN,demand,90m/1H,226.0,228.44,11.5,fresh,0,2026-01-21T12:30:00-05:00,2026-02-05 09:30 EST,224.76,demand_broken,0.0,False,0.127,2.303,,,,,,
2026-02-05,AMZN,demand,1D/3H/2H/90m,230.19,234.34,8.71,fresh,0,2026-01-22T00:00:00-05:00,2026-02-05 09:30 EST,224.76,demand_broken,0.0,False,0.0,2.364,,,,,,
2026-02-05,ANET,demand,4H/3H/2H/90m/1H,123.34,126.12,7.84,fresh,0,2026-01-14T13:30:00-05:00,2026-02-05 09:30 EST,126.76,demand_held,2.0,False,2.507,0.0,,,,,,
2026-02-05,ANET,demand,4H/2H/90m,125.06,127.24,12.5,fresh,0,2026-01-21T13:30:00-05:00,2026-02-05 09:30 EST,126.76,demand_held,2.0,False,2.408,0.0,,,,,,
2026-02-05,ANET,demand,1H,129.61,130.62,4.06,one_test,1,2026-02-04T13:30:00-05:00,2026-02-05 09:30 EST,126.76,demand_broken,0.0,False,0.693,4.228,,,,,,
2026-02-05,APP,demand,1D,358.55,363.31,9.88,fresh,0,2025-07-30T00:00:00-04:00,2026-02-05 14:30 EST,361.74,demand_held,2.0,False,4.199,0.0,,,,,,
2026-02-05,ARM,demand,3H/2H/1H,101.57,103.69,6.08,fresh,0,2026-02-03T12:30:00-05:00,2026-02-05 09:30 EST,102.26,demand_held,1.0,False,6.382,0.731,,,,,,
2026-02-05,ARM,demand,2H,103.5,105.6,5.25,one_test,1,2026-02-04T11:30:00-05:00,2026-02-05 09:30 EST,102.26,demand_broken,0.0,False,5.524,1.657,,,,,,
2026-02-05,ARM,supply,4H/3H/90m/1H,106.51,108.12,7.35,one_test,1,2026-02-02T13:30:00-05:00,2026-02-05 09:35 EST,106.41,supply_rejected,0.0,False,3.773,4.335,,,,,,
2026-02-05,ARM,supply,4H,109.96,110.69,6.79,fresh,0,2026-01-28T13:30:00-05:00,2026-02-05 10:40 EST,108.355,supply_rejected,0.0,False,4.178,6.041,,,,,,
2026-02-05,ARM,supply,1D/4H/3H/2H/90m/1H,114.88,117.39,12.0,fresh,0,2026-01-27T00:00:00-05:00,2026-02-05 15:10 EST,114.09,supply_rejected,3.0,False,2.932,0.0,,,,,,
2026-02-05,ASTS,demand,90m/1H,91.25,93.11,3.95,one_test,1,2026-01-14T12:30:00-05:00,2026-02-05 10:30 EST,92.54,demand_held,2.0,False,4.059,0.0,,,,,,
2026-02-05,ASTS,demand,4H,91.25,95.16,7.39,fresh,0,2026-01-14T13:30:00-05:00,2026-02-05 10:20 EST,94.18,demand_chop,,False,1.931,0.0,,,,,,
2026-02-05,ASTS,demand,2H,91.37,92.91,3.63,one_test,1,2026-01-14T11:30:00-05:00,2026-02-05 10:30 EST,92.54,demand_held,2.0,False,4.825,0.0,,,,,,
2026-02-05,ASTS,demand,90m/1H,94.4,95.16,7.7,fresh,0,2026-01-14T15:30:00-05:00,2026-02-05 10:20 EST,94.18,demand_broken,0.0,False,5.789,2.895,,,,,,
2026-02-05,ASTS,demand,1H,96.93,100.14,3.41,multiple_tests,4,2026-01-21T13:30:00-05:00,2026-02-05 09:30 EST,97.595,demand_broken,8.0,False,1.346,1.474,,,,,,
2026-02-05,ASTS,demand,4H,96.93,103.54,5.29,multiple_tests,3,2026-01-21T13:30:00-05:00,2026-02-05 09:30 EST,97.595,demand_broken,8.0,False,0.654,0.716,,,,,,
2026-02-05,ASTS,demand,90m,97.14,100.14,3.58,multiple_tests,6,2026-01-15T11:00:00-05:00,2026-02-05 09:30 EST,97.595,demand_broken,8.0,False,1.37,1.647,,,,,,
2026-02-05,ASTS,demand,90m,97.6,99.5,5.99,fresh,0,2026-02-04T12:30:00-05:00,2026-02-05 09:30 EST,97.595,demand_broken,0.0,False,1.921,2.842,,,,,,
2026-02-05,ASTS,demand,1D,103.27,111.34,5.54,multiple_tests,4,2026-01-27T00:00:00-05:00,2026-02-05 09:30 EST,97.595,demand_broken,0.0,False,0.0,1.372,,,,,,
2026-02-05,AVGO,supply,1H,316.71,320.36,3.31,multiple_tests,2,2026-02-03T10:30:00-05:00,2026-02-05 09:35 EST,322.7,supply_broken,0.0,False,3.742,1.69,,,,,,
2026-02-05,AVGO,supply,1D,326.11,336.06,8.36,fresh,0,2026-02-02T00:00:00-05:00,2026-02-05 09:45 EST,322.73,supply_rejected,3.0,False,2.951,0.0,,,,,,
2026-02-05,COIN,demand,90m/1H,164.42,167.37,5.97,fresh,0,2026-02-04T12:30:00-05:00,2026-02-05 09:30 EST,162.935,demand_broken,0.0,False,0.197,6.529,,,,,,
2026-02-05,COST,supply,4H/2H/90m/1H,978.89,994.6,8.24,fresh,0,2026-02-04T09:30:00-05:00,2026-02-05 09:30 EST,993.085,supply_broken,11.0,False,0.463,0.404,,,,,,
2026-02-05,CRM,demand,3H/2H,193.11,197.84,6.87,fresh,0,2026-02-03T12:30:00-05:00,2026-02-05 09:30 EST,198.89,demand_broken,6.0,False,1.364,0.913,,,,,,
2026-02-05,CRWD,demand,1D,402.66,413.2,5.43,one_test,1,2025-09-04T00:00:00-04:00,2026-02-05 09:30 EST,414.585,demand_broken,44.0,False,1.293,2.67,,,,,,
2026-02-05,CRWD,demand,1D,407.06,417.58,5.06,multiple_tests,2,2025-09-05T00:00:00-04:00,2026-02-05 09:30 EST,414.585,demand_broken,6.0,False,0.877,3.093,,,,,,
2026-02-05,GOOGL,demand,1D,305.3,309.88,7.2,fresh,0,2025-12-22T00:00:00-05:00,2026-02-05 09:30 EST,314.86,demand_held,0.0,False,5.98,0.0,,,,,,
2026-02-05,GOOGL,demand,1H,312.8,313.31,1.72,multiple_tests,2,2026-01-06T12:30:00-05:00,2026-02-05 09:30 EST,314.86,demand_held,0.0,False,39.0,12.431,,,,,,
2026-02-05,GOOGL,demand,1D/3H/2H/90m/1H,318.53,322.03,10.26,fresh,0,2026-01-20T00:00:00-05:00,2026-02-05 09:30 EST,314.86,demand_broken,0.0,False,4.046,3.449,,,,,,
2026-02-05,GOOGL,demand,4H/3H/2H/90m/1H,325.75,328.61,7.94,one_test,1,2026-01-23T13:30:00-05:00,2026-02-05 09:30 EST,314.86,demand_broken,0.0,False,2.427,6.745,,,,,,
2026-02-05,GOOGL,demand,1D,332.29,340.0,5.23,multiple_tests,2,2026-01-30T00:00:00-05:00,2026-02-05 09:30 EST,314.86,demand_broken,0.0,False,0.052,3.35,,,,,,
2026-02-05,HIMS,demand,90m,24.01,24.17,5.07,fresh,0,2026-02-04T14:00:00-05:00,2026-02-05 12:10 EST,24.185,demand_broken,3.0,False,2.227,6.625,,,,,,
2026-02-05,HIMS,supply,1H,24.57,24.74,3.25,one_test,1,2026-02-04T12:30:00-05:00,2026-02-05 09:30 EST,26.72,supply_broken,0.0,False,10.529,17.824,,,,,,
2026-02-05,HIMS,supply,1D,25.54,26.82,8.48,fresh,0,2026-02-03T00:00:00-05:00,2026-02-05 09:30 EST,26.72,supply_broken,2.0,False,3.023,0.742,,,,,,
2026-02-05,HIMS,supply,4H/3H/2H/90m/1H,27.01,27.65,7.07,fresh,0,2026-02-02T09:30:00-05:00,2026-02-05 09:30 EST,26.72,supply_rejected,0.0,False,7.344,0.188,,,,,,
2026-02-05,HIMS,supply,90m,27.48,27.87,5.93,fresh,0,2026-01-30T12:30:00-05:00,2026-02-05 09:40 EST,27.59,supply_rejected,0.0,False,12.615,0.0,,,,,,
2026-02-05,HOOD,demand,3H/1H,77.62,79.89,5.71,fresh,0,2026-02-04T12:30:00-05:00,2026-02-05 09:30 EST,78.759,demand_broken,5.0,False,0.789,2.533,,,,,,
2026-02-05,INTC,demand,4H/2H/90m/1H,45.96,47.26,9.35,fresh,0,2026-01-30T13:30:00-05:00,2026-02-05 09:30 EST,48.04,demand_held,1.0,False,3.769,0.0,,,,,,
2026-02-05,INTC,demand,2H/90m/1H,47.0,47.9,7.61,fresh,0,2026-02-04T11:30:00-05:00,2026-02-05 09:30 EST,48.04,demand_held,1.0,False,4.289,0.239,,,,,,
2026-02-05,INTC,supply,4H/1H,48.8,50.16,6.82,one_test,1,2026-02-03T13:30:00-05:00,2026-02-05 09:35 EST,49.411,supply_broken,2.0,False,2.482,0.515,,,,,,
2026-02-05,IONQ,demand,90m/1H,33.63,34.42,5.96,fresh,0,2026-02-04T12:30:00-05:00,2026-02-05 09:30 EST,33.265,demand_broken,0.0,False,0.949,4.608,,,,,,
2026-02-05,META,demand,1D/4H/3H/2H/90m/1H,665.89,674.5,13.0,one_test,1,2026-01-28T00:00:00-05:00,2026-02-05 09:30 EST,667.34,demand_broken,7.0,False,1.813,1.439,,,,,,
2026-02-05,META,supply,2H/90m/1H,671.29,680.08,6.54,fresh,0,2026-02-04T13:30:00-05:00,2026-02-05 09:50 EST,671.07,supply_rejected,4.0,False,2.554,0.162,,,,,,
2026-02-05,MSFT,demand,4H/90m,408.56,415.44,7.7,fresh,0,2026-02-03T13:30:00-05:00,2026-02-05 09:30 EST,405.7,demand_broken,0.0,False,0.0,2.36,,,,,,
2026-02-05,MSTR,demand,2H,121.19,125.03,5.54,fresh,0,2026-02-04T11:30:00-05:00,2026-02-05 09:30 EST,120.84,demand_broken,0.0,False,0.211,4.434,,,,,,
2026-02-05,MU,demand,4H/3H/2H/90m/1H,361.35,372.35,10.2,fresh,0,2026-01-20T13:30:00-05:00,2026-02-05 09:30 EST,372.595,demand_held,1.0,False,2.689,0.0,,,,,,
2026-02-05,NET,demand,2H/90m/1H,162.22,166.68,6.31,fresh,0,2026-02-03T11:30:00-05:00,2026-02-05 09:30 EST,169.665,demand_held,2.0,False,2.323,0.047,,,,,,
2026-02-05,NFLX,supply,2H/1H,80.94,81.3,6.11,fresh,0,2026-02-04T11:30:00-05:00,2026-02-05 09:30 EST,82.79,supply_broken,0.0,False,2.125,5.556,,,,,,
2026-02-05,NFLX,supply,1D/2H/90m,82.76,85.27,9.78,fresh,0,2026-02-02T00:00:00-05:00,2026-02-05 09:30 EST,82.79,supply_chop,,False,1.886,0.0,,,,,,
2026-02-05,NOW,demand,4H/2H/90m/1H,106.95,109.86,7.7,fresh,0,2026-02-03T13:30:00-05:00,2026-02-05 09:30 EST,111.945,demand_broken,6.0,False,1.766,1.796,,,,,,
2026-02-05,NOW,supply,1H,109.57,111.15,3.07,multiple_tests,3,2026-02-04T10:30:00-05:00,2026-02-05 09:30 EST,111.945,supply_ambiguous_same_bar,0.0,True,5.965,0.595,,,,,,
2026-02-05,NVDA,demand,1D,168.41,172.64,5.87,multiple_tests,4,2025-09-17T00:00:00-04:00,2026-02-05 10:05 EST,173.22,demand_chop,,False,1.741,0.0,,,,,,
2026-02-05,NVDA,demand,1D,171.82,174.53,7.29,one_test,1,2025-12-18T00:00:00-05:00,2026-02-05 09:30 EST,175.26,demand_broken,8.0,False,1.843,0.292,,,,,,
2026-02-05,NVDA,supply,1H,174.93,176.14,4.69,fresh,0,2026-02-04T14:30:00-05:00,2026-02-05 09:30 EST,175.26,supply_rejected,0.0,False,4.223,0.558,,,,,,
2026-02-05,PANW,demand,2H/90m,163.33,165.03,3.42,multiple_tests,3,2026-02-03T13:30:00-05:00,2026-02-05 09:30 EST,165.65,demand_broken,3.0,False,1.682,5.459,,,,,,
2026-02-05,PANW,demand,1D,166.21,168.17,5.85,multiple_tests,2,2025-08-11T00:00:00-04:00,2026-02-05 09:30 EST,165.65,demand_broken,0.0,False,0.0,6.204,,,,,,
2026-02-05,PANW,supply,90m/1H,165.65,167.3,3.51,multiple_tests,4,2026-02-03T11:00:00-05:00,2026-02-05 09:30 EST,165.65,supply_rejected,0.0,False,8.03,0.0,,,,,,
2026-02-05,PLTR,demand,2H/90m/1H,135.68,138.16,6.1,fresh,0,2026-02-04T13:30:00-05:00,2026-02-05 09:30 EST,137.18,demand_broken,1.0,False,0.927,2.968,,,,,,
2026-02-05,QQQ,demand,90m/1H,600.47,604.83,6.14,fresh,0,2026-02-04T12:30:00-05:00,2026-02-05 09:30 EST,601.21,demand_broken,5.0,False,0.995,1.31,,,,,,
2026-02-05,RBLX,supply,2H/90m/1H,63.84,65.06,7.33,fresh,0,2026-02-04T13:30:00-05:00,2026-02-05 09:35 EST,64.135,supply_rejected,6.0,False,4.09,0.0,,,,,,
2026-02-05,RKLB,demand,90m/1H,68.56,70.34,6.57,fresh,0,2026-02-04T12:30:00-05:00,2026-02-05 09:30 EST,70.07,demand_held,1.0,False,2.489,1.888,,,,,,
2026-02-05,RKLB,demand,1D,69.13,71.5,5.87,multiple_tests,2,2025-12-31T00:00:00-05:00,2026-02-05 09:30 EST,70.07,demand_broken,8.0,False,1.629,1.658,,,,,,
2026-02-05,SHOP,demand,90m/1H,111.0,112.75,6.47,fresh,0,2026-02-04T12:30:00-05:00,2026-02-05 09:30 EST,112.115,demand_broken,5.0,False,2.697,1.265,,,,,,
2026-02-05,SHOP,supply,1H,113.23,115.49,2.49,multiple_tests,2,2026-02-04T10:30:00-05:00,2026-02-05 09:30 EST,112.115,supply_rejected,5.0,False,2.966,0.102,,,,,,
2026-02-05,SMCI,demand,1D/3H/1H,28.57,29.42,10.16,fresh,0,2026-01-15T00:00:00-05:00,2026-02-05 10:25 EST,29.395,demand_held,10.0,False,3.406,0.0,,,,,,
2026-02-05,SMCI,demand,1D,28.64,30.0,11.73,fresh,0,2026-02-03T00:00:00-05:00,2026-02-05 10:10 EST,29.955,demand_held,41.0,False,2.077,0.0,,,,,,
2026-02-05,SMCI,demand,90m/1H,31.85,32.69,7.22,fresh,0,2026-02-04T12:30:00-05:00,2026-02-05 09:30 EST,32.329,demand_broken,1.0,False,1.952,2.952,,,,,,
2026-02-05,SNOW,demand,90m/1H,159.52,161.89,7.24,fresh,0,2026-02-04T12:30:00-05:00,2026-02-05 09:30 EST,164.279,demand_held,0.0,False,2.5,1.451,,,,,,
2026-02-05,SOFI,demand,90m/1H,20.07,20.45,5.65,fresh,0,2026-02-04T12:30:00-05:00,2026-02-05 09:30 EST,20.185,demand_broken,1.0,False,0.868,2.305,,,,,,
2026-02-05,SPY,demand,1D/3H/2H/90m/1H,674.9,685.34,9.84,fresh,0,2025-12-18T00:00:00-05:00,2026-02-05 09:30 EST,680.78,demand_chop,,False,0.842,0.0,,,,,,
2026-02-05,TEM,demand,1D,53.39,55.18,5.06,multiple_tests,3,2025-08-01T00:00:00-04:00,2026-02-05 09:30 EST,54.14,demand_broken,3.0,False,0.899,1.223,,,,,,
2026-02-05,TSLA,demand,1D,383.76,402.32,6.93,one_test,1,2025-11-21T00:00:00-05:00,2026-02-05 09:30 EST,398.43,demand_chop,,False,0.988,0.0,,,,,,
2026-02-05,UBER,supply,2H/90m/1H,74.48,75.78,7.51,fresh,0,2026-02-04T11:30:00-05:00,2026-02-05 09:30 EST,74.865,supply_broken,28.0,False,1.969,1.108,,,,,,
2026-02-06,AAPL,supply,1D/4H/3H/2H/90m,275.63,279.67,6.99,one_test,1,2025-12-12T00:00:00-05:00,2026-02-06 09:30 EST,278.53,supply_broken,4.0,False,0.679,0.306,,,,,,
2026-02-06,AMD,supply,1H,191.95,193.6,2.79,one_test,1,2026-02-05T13:30:00-05:00,2026-02-06 09:30 EST,201.4,supply_broken,0.0,False,0.0,9.497,,,,,,
2026-02-06,AMD,supply,4H/3H/2H/90m/1H,200.18,204.26,9.57,fresh,0,2026-02-04T13:30:00-05:00,2026-02-06 09:30 EST,201.4,supply_broken,3.0,False,1.919,1.228,,,,,,
2026-02-06,AMZN,demand,1D,212.87,213.75,6.99,multiple_tests,5,2025-08-05T00:00:00-04:00,2026-02-06 09:30 EST,203.015,demand_broken,0.0,False,0.0,14.273,,,,,,
2026-02-06,AMZN,demand,1D,215.18,220.69,6.35,one_test,1,2025-11-21T00:00:00-05:00,2026-02-06 09:30 EST,203.015,demand_broken,0.0,False,0.0,2.699,,,,,,
2026-02-06,ANET,supply,1H,129.49,130.12,1.66,multiple_tests,2,2026-02-05T11:30:00-05:00,2026-02-06 09:30 EST,133.01,supply_broken,0.0,False,0.0,11.889,,,,,,
2026-02-06,ANET,supply,3H,131.45,132.74,5.45,fresh,0,2026-02-04T12:30:00-05:00,2026-02-06 09:30 EST,133.01,supply_broken,0.0,False,1.876,3.775,,,,,,
2026-02-06,ANET,supply,4H,136.95,139.62,9.04,fresh,0,2026-02-03T13:30:00-05:00,2026-02-06 15:40 EST,136.81,unresolved,,False,1.094,0.0,,,,,,
2026-02-06,APP,supply,1H,374.99,386.53,2.58,multiple_tests,2,2026-02-05T12:30:00-05:00,2026-02-06 09:30 EST,398.38,supply_broken,0.0,False,0.54,2.052,,,,,,
2026-02-06,APP,supply,3H/2H/90m/1H,379.22,390.17,7.9,fresh,0,2026-02-05T09:30:00-05:00,2026-02-06 09:30 EST,398.38,supply_broken,0.0,False,0.901,1.83,,,,,,
2026-02-06,APP,supply,1H,393.38,395.61,3.16,one_test,1,2026-02-04T12:30:00-05:00,2026-02-06 09:30 EST,398.38,supply_broken,0.0,False,6.865,6.547,,,,,,
2026-02-06,ARM,supply,1H,112.21,115.1,5.41,fresh,0,2026-02-05T14:30:00-05:00,2026-02-06 09:30 EST,116.446,supply_broken,0.0,False,0.889,3.187,,,,,,
2026-02-06,ARM,supply,1D/4H/3H/2H/90m/1H,114.88,117.39,10.5,fresh,0,2026-01-27T00:00:00-05:00,2026-02-06 09:30 EST,116.446,supply_broken,2.0,False,1.936,2.757,,,,,,
2026-02-06,ARM,supply,3H/2H/90m/1H,119.2,121.38,8.75,fresh,0,2026-01-22T15:30:00-05:00,2026-02-06 09:45 EST,118.95,supply_broken,16.0,False,1.606,1.344,,,,,,
2026-02-06,ASTS,demand,90m/1H,91.25,93.11,2.95,multiple_tests,3,2026-01-14T12:30:00-05:00,2026-02-06 09:35 EST,93.05,demand_held,0.0,False,7.5,0.0,,,,,,
2026-02-06,ASTS,demand,4H,91.25,95.16,4.89,multiple_tests,2,2026-01-14T13:30:00-05:00,2026-02-06 09:30 EST,93.75,demand_held,19.0,False,3.568,0.0,,,,,,
2026-02-06,ASTS,demand,2H,91.37,92.91,2.63,multiple_tests,3,2026-01-14T11:30:00-05:00,2026-02-06 09:40 EST,93.22,demand_held,1.0,False,8.981,0.013,,,,,,
2026-02-06,ASTS,supply,90m/1H,95.67,97.31,5.4,fresh,0,2026-02-05T12:30:00-05:00,2026-02-06 09:30 EST,93.75,supply_rejected,0.0,False,3.634,4.811,,,,,,
2026-02-06,ASTS,supply,4H,101.16,105.99,7.54,fresh,0,2026-02-04T13:30:00-05:00,2026-02-06 11:15 EST,101.15,supply_chop,,False,1.263,0.0,,,,,,
2026-02-06,ASTS,supply,2H/90m/1H,102.81,104.33,8.95,fresh,0,2026-02-04T15:30:00-05:00,2026-02-06 12:15 EST,102.76,supply_broken,25.0,False,1.852,0.572,,,,,,
2026-02-06,AVGO,supply,2H/90m/1H,316.05,321.93,7.15,fresh,0,2026-02-05T11:30:00-05:00,2026-02-06 09:30 EST,320.78,supply_broken,1.0,False,0.957,2.223,,,,,,
2026-02-06,AVGO,supply,1D,326.11,336.06,6.86,one_test,1,2026-02-02T00:00:00-05:00,2026-02-06 09:40 EST,326.545,supply_chop,,False,1.446,0.0,,,,,,
2026-02-06,AVGO,supply,4H/2H/90m/1H,330.43,336.03,10.94,fresh,0,2026-02-02T13:30:00-05:00,2026-02-06 11:35 EST,330.42,supply_chop,,False,1.111,0.0,,,,,,
2026-02-06,COIN,supply,90m/1H,154.62,155.66,6.45,fresh,0,2026-02-05T11:00:00-05:00,2026-02-06 09:30 EST,156.108,supply_ambiguous_same_bar,0.0,True,3.933,9.481,,,,,,
2026-02-06,COST,demand,1H,988.55,992.1,1.62,multiple_tests,2,2026-02-05T12:30:00-05:00,2026-02-06 09:30 EST,990.867,demand_broken,2.0,False,3.61,1.423,,,,,,
2026-02-06,COST,supply,4H/3H/2H/1H,983.31,1000.18,6.91,fresh,0,2026-02-04T09:30:00-05:00,2026-02-06 09:30 EST,990.867,supply_broken,77.0,False,0.989,0.07,,,,,,
2026-02-06,CRM,supply,90m,191.9,194.5,4.21,one_test,1,2026-02-05T11:00:00-05:00,2026-02-06 09:30 EST,192.555,supply_rejected,5.0,False,2.838,0.038,,,,,,
2026-02-06,GOOGL,demand,1D/3H/2H/1H,320.43,324.55,8.23,fresh,0,2026-01-20T00:00:00-05:00,2026-02-06 09:40 EST,326.227,demand_held,2.0,False,2.16,0.124,,,,,,
2026-02-06,GOOGL,demand,4H/1H,327.42,333.25,8.44,fresh,0,2026-02-04T13:30:00-05:00,2026-02-06 09:30 EST,327.005,demand_broken,0.0,False,0.508,1.286,,,,,,
2026-02-06,HOOD,supply,1H,74.09,74.85,4.86,fresh,0,2026-02-05T13:30:00-05:00,2026-02-06 09:30 EST,80.2,supply_broken,0.0,False,0.0,12.434,,,,,,
2026-02-06,HOOD,supply,90m/1H,75.78,77.36,5.82,fresh,0,2026-02-05T11:00:00-05:00,2026-02-06 09:30 EST,80.2,supply_broken,0.0,False,0.152,4.392,,,,,,
2026-02-06,HOOD,supply,4H/1H,78.77,81.13,9.7,fresh,0,2026-02-04T13:30:00-05:00,2026-02-06 09:30 EST,80.2,supply_broken,1.0,False,1.699,1.343,,,,,,
2026-02-06,INTC,supply,4H/1H,48.58,49.84,6.21,multiple_tests,2,2026-02-03T13:30:00-05:00,2026-02-06 09:30 EST,49.6,supply_broken,1.0,False,0.802,1.159,,,,,,
2026-02-06,INTC,supply,1H,49.56,50.16,2.59,multiple_tests,3,2026-02-03T11:30:00-05:00,2026-02-06 09:30 EST,49.6,supply_rejected,0.0,False,2.217,1.9,,,,,,
2026-02-06,IONQ,supply,1H,31.18,31.63,5.43,fresh,0,2026-02-05T13:30:00-05:00,2026-02-06 09:30 EST,31.45,supply_broken,1.0,False,0.633,9.944,,,,,,
2026-02-06,IONQ,supply,90m,31.46,32.33,5.68,fresh,0,2026-02-05T12:30:00-05:00,2026-02-06 09:30 EST,31.45,supply_broken,2.0,False,1.132,4.339,,,,,,
2026-02-06,IONQ,supply,90m,31.88,32.42,4.69,fresh,0,2026-02-05T11:00:00-05:00,2026-02-06 09:30 EST,31.45,supply_broken,3.0,False,1.991,6.824,,,,,,
2026-02-06,IONQ,supply,4H,34.42,35.62,8.24,fresh,0,2026-02-04T13:30:00-05:00,2026-02-06 11:20 EST,34.295,supply_broken,36.0,False,1.137,0.404,,,,,,
2026-02-06,IONQ,supply,3H/2H/90m/1H,35.09,35.5,10.46,fresh,0,2026-02-04T15:30:00-05:00,2026-02-06 12:15 EST,34.84,supply_rejected,4.0,False,2.096,1.476,,,,,,
2026-02-06,IONQ,supply,1D,35.34,38.55,8.78,fresh,0,2026-02-04T00:00:00-05:00,2026-02-06 13:45 EST,35.42,supply_chop,,False,1.117,0.0,,,,,,
2026-02-06,META,demand,2H/90m/1H,643.82,646.82,6.27,fresh,0,2026-01-22T13:30:00-05:00,2026-02-06 10:15 EST,651.625,demand_held,0.0,False,6.8,0.0,,,,,,
2026-02-06,META,demand,1D/4H/3H/2H/90m,665.89,674.5,12.0,one_test,1,2026-01-28T00:00:00-05:00,2026-02-06 09:30 EST,667.37,demand_broken,1.0,False,0.708,2.252,,,,,,
2026-02-06,MSFT,supply,2H/1H,401.31,406.31,7.24,fresh,0,2026-02-05T11:30:00-05:00,2026-02-06 13:05 EST,399.84,supply_chop,,False,1.849,0.0,,,,,,
2026-02-06,MSTR,supply,1H,110.13,111.46,5.77,fresh,0,2026-02-05T13:30:00-05:00,2026-02-06 09:30 EST,121.24,supply_broken,0.0,False,0.0,18.203,,,,,,
2026-02-06,MSTR,supply,90m/1H,113.07,114.9,6.44,fresh,0,2026-02-05T11:00:00-05:00,2026-02-06 09:30 EST,121.24,supply_broken,0.0,False,0.12,11.35,,,,,,
2026-02-06,MSTR,supply,1D,129.09,130.82,10.83,fresh,0,2026-02-04T00:00:00-05:00,2026-02-06 11:10 EST,128.53,supply_broken,13.0,False,1.786,2.803,,,,,,
2026-02-06,MU,demand,3H/2H/90m,376.13,380.48,5.91,fresh,0,2026-02-04T15:30:00-05:00,2026-02-06 09:30 EST,384.415,demand_held,0.0,False,4.717,0.749,,,,,,
2026-02-06,MU,supply,1H,382.06,386.0,1.49,multiple_tests,3,2026-02-05T11:30:00-05:00,2026-02-06 09:30 EST,384.415,supply_rejected,0.0,False,3.332,2.703,,,,,,
2026-02-06,NET,demand,90m,162.22,164.45,2.81,multiple_tests,5,2026-02-04T12:30:00-05:00,2026-02-06 09:50 EST,164.16,demand_held,0.0,False,5.13,0.839,,,,,,
2026-02-06,NET,supply,4H,165.82,172.58,6.08,fresh,0,2026-02-05T09:30:00-05:00,2026-02-06 09:30 EST,165.75,supply_broken,64.0,False,1.809,0.16,,,,,,
2026-02-06,NET,supply,2H,165.88,169.32,5.62,fresh,0,2026-02-05T11:30:00-05:00,2026-02-06 09:30 EST,165.75,supply_rejected,5.0,False,2.608,1.262,,,,,,
2026-02-06,NFLX,demand,1H,80.78,81.51,2.52,multiple_tests,4,2026-02-05T10:30:00-05:00,2026-02-06 09:30 EST,82.09,demand_held,1.0,False,2.336,0.178,,,,,,
2026-02-06,NFLX,supply,1D,79.99,81.44,7.35,fresh,0,2026-02-04T00:00:00-05:00,2026-02-06 09:30 EST,82.09,supply_broken,0.0,False,0.545,0.721,,,,,,
2026-02-06,NVDA,supply,4H/2H/1H,173.67,176.14,7.0,fresh,0,2026-02-04T13:30:00-05:00,2026-02-06 09:30 EST,177.48,supply_broken,0.0,False,0.623,4.397,,,,,,
2026-02-06,NVDA,supply,2H/90m,179.09,180.83,4.3,one_test,1,2026-02-03T11:30:00-05:00,2026-02-06 09:40 EST,179.95,supply_broken,2.0,False,1.655,3.546,,,,,,
2026-02-06,NVDA,supply,1D/3H/2H/90m/1H,185.61,190.3,10.73,fresh,0,2026-02-02T00:00:00-05:00,2026-02-06 15:35 EST,185.715,unresolved,,False,1.087,0.0,,,,,,
2026-02-06,PANW,supply,1H,159.03,160.87,6.36,fresh,0,2026-02-05T13:30:00-05:00,2026-02-06 14:20 EST,159.13,supply_chop,,False,1.462,0.0,,,,,,
2026-02-06,PLTR,supply,2H/90m/1H,131.69,133.8,6.61,fresh,0,2026-02-05T11:30:00-05:00,2026-02-06 09:30 EST,134.62,supply_broken,0.0,False,0.687,1.842,,,,,,
2026-02-06,QQQ,supply,1H,599.27,601.86,5.02,fresh,0,2026-02-05T13:30:00-05:00,2026-02-06 09:30 EST,602.535,supply_broken,0.0,False,1.193,3.687,,,,,,
2026-02-06,QQQ,supply,4H/2H/90m/1H,604.31,608.95,10.23,fresh,0,2026-02-04T13:30:00-05:00,2026-02-06 09:45 EST,604.35,supply_broken,71.0,False,1.978,0.53,,,,,,
2026-02-06,RBLX,supply,1H,60.97,61.28,5.25,fresh,0,2026-02-05T14:30:00-05:00,2026-02-06 09:30 EST,63.75,supply_broken,0.0,False,3.032,25.548,,,,,,
2026-02-06,RBLX,supply,90m/1H,62.31,63.48,6.07,fresh,0,2026-02-05T11:00:00-05:00,2026-02-06 09:30 EST,63.75,supply_broken,0.0,False,2.684,4.889,,,,,,
2026-02-06,RBLX,supply,2H/90m/1H,63.84,65.06,5.83,one_test,1,2026-02-04T13:30:00-05:00,2026-02-06 09:30 EST,63.75,supply_rejected,2.0,False,3.869,3.393,,,,,,
2026-02-06,RBLX,supply,1D,67.02,69.41,7.66,fresh,0,2026-02-02T00:00:00-05:00,2026-02-06 09:30 EST,63.75,supply_rejected,0.0,False,3.795,0.0,,,,,,
2026-02-06,RBLX,supply,4H/3H/2H/90m/1H,67.43,69.12,9.2,fresh,0,2026-02-02T13:30:00-05:00,2026-02-06 09:30 EST,63.75,supply_rejected,0.0,False,5.195,0.047,,,,,,
2026-02-06,RKLB,supply,1H,67.14,68.03,4.94,fresh,0,2026-02-05T13:30:00-05:00,2026-02-06 09:30 EST,68.085,supply_broken,0.0,False,1.157,5.202,,,,,,
2026-02-06,RKLB,supply,90m/1H,68.77,70.0,5.64,fresh,0,2026-02-05T11:00:00-05:00,2026-02-06 09:30 EST,68.085,supply_rejected,2.0,False,2.439,2.163,,,,,,
2026-02-06,RKLB,supply,4H,70.34,73.78,7.38,fresh,0,2026-02-04T13:30:00-05:00,2026-02-06 11:15 EST,70.3,supply_chop,,False,1.219,0.0,,,,,,
2026-02-06,SHOP,demand,1H,109.04,111.58,2.52,multiple_tests,2,2026-02-05T10:30:00-05:00,2026-02-06 09:30 EST,114.78,demand_held,0.0,False,2.362,0.0,,,,,,
2026-02-06,SHOP,supply,90m/1H,113.23,115.72,7.0,fresh,0,2026-02-05T12:30:00-05:00,2026-02-06 09:30 EST,114.78,supply_rejected,29.0,False,2.386,0.0,,,,,,
2026-02-06,SMCI,supply,1H,30.95,31.46,4.81,fresh,0,2026-02-05T13:30:00-05:00,2026-02-06 09:30 EST,31.741,supply_broken,0.0,False,0.471,6.353,,,,,,
2026-02-06,SMCI,supply,1D/3H/2H/90m/1H,33.53,34.16,12.02,fresh,0,2025-12-11T00:00:00-05:00,2026-02-06 10:30 EST,33.54,supply_broken,5.0,False,1.508,0.857,,,,,,
2026-02-06,SNOW,supply,2H/90m/1H,160.98,165.37,7.06,fresh,0,2026-02-05T11:30:00-05:00,2026-02-06 09:30 EST,163.41,supply_broken,1.0,False,1.342,1.144,,,,,,
2026-02-06,SOFI,supply,2H,19.77,20.09,5.23,fresh,0,2026-02-05T11:30:00-05:00,2026-02-06 09:30 EST,20.15,supply_broken,0.0,False,0.156,3.344,,,,,,
2026-02-06,SOFI,supply,4H,20.41,20.86,7.99,fresh,0,2026-02-04T13:30:00-05:00,2026-02-06 09:30 EST,20.15,supply_broken,14.0,False,1.822,0.667,,,,,,
2026-02-06,SOFI,supply,1H,20.82,21.15,4.11,one_test,1,2026-02-04T10:30:00-05:00,2026-02-06 09:45 EST,20.76,supply_rejected,2.0,False,2.576,0.03,,,,,,
2026-02-06,SPY,supply,2H/1H,679.15,682.62,5.82,fresh,0,2026-02-05T11:30:00-05:00,2026-02-06 09:30 EST,683.8,supply_broken,0.0,False,0.51,2.793,,,,,,
2026-02-06,SPY,supply,4H/3H/2H/90m/1H,684.81,689.75,10.36,fresh,0,2026-02-04T13:30:00-05:00,2026-02-06 09:35 EST,684.71,supply_broken,68.0,False,1.344,0.518,,,,,,
2026-02-06,TEM,supply,2H/90m/1H,52.94,53.92,6.84,fresh,0,2026-02-05T11:30:00-05:00,2026-02-06 09:30 EST,54.199,supply_broken,0.0,False,0.98,1.663,,,,,,
2026-02-06,TEM,supply,4H,55.15,56.08,9.49,fresh,0,2026-02-03T13:30:00-05:00,2026-02-06 12:00 EST,55.11,supply_chop,,False,1.879,0.0,,,,,,
2026-02-06,TSLA,demand,1D,383.76,402.32,5.93,multiple_tests,2,2025-11-21T00:00:00-05:00,2026-02-06 09:30 EST,402.85,demand_chop,,False,1.659,0.0,,,,,,
2026-02-06,TSLA,supply,2H/90m/1H,396.88,402.1,6.89,fresh,0,2026-02-05T11:30:00-05:00,2026-02-06 09:30 EST,402.85,supply_broken,0.0,False,0.833,2.385,,,,,,
2026-02-06,TSLA,supply,90m/1H,405.83,409.16,9.42,fresh,0,2026-02-04T15:30:00-05:00,2026-02-06 09:35 EST,404.681,supply_rejected,0.0,False,2.12,1.619,,,,,,
2026-02-06,UBER,demand,4H/3H/2H/90m/1H,73.33,74.96,10.17,fresh,0,2026-02-04T13:30:00-05:00,2026-02-06 09:30 EST,74.603,demand_broken,6.0,False,1.552,0.405,,,,,,
2026-02-09,AAPL,demand,3H/2H/90m/1H,273.14,277.8,8.26,fresh,0,2026-02-05T15:30:00-05:00,2026-02-09 09:30 EST,274.84,demand_broken,11.0,False,1.086,0.309,,,,,,
2026-02-09,AAPL,supply,1D/4H/3H/90m/1H,275.63,279.95,6.99,fresh,0,2025-12-12T00:00:00-05:00,2026-02-09 09:30 EST,274.84,supply_chop,,False,1.91,0.0,,,,,,
2026-02-09,AMD,demand,2H,206.68,207.7,3.09,one_test,1,2026-02-06T11:30:00-05:00,2026-02-09 09:30 EST,207.71,demand_held,1.0,False,10.706,2.48,,,,,,
2026-02-09,AMZN,demand,2H/1H,205.31,207.79,6.52,fresh,0,2026-02-06T13:30:00-05:00,2026-02-09 09:30 EST,204.05,demand_broken,0.0,False,3.024,0.79,,,,,,
2026-02-09,ANET,demand,2H/90m/1H,134.85,136.39,6.67,fresh,0,2026-02-06T13:30:00-05:00,2026-02-09 09:30 EST,137.875,demand_held,0.0,False,4.818,0.0,,,,,,
2026-02-09,ANET,supply,4H,136.95,139.62,7.54,one_test,1,2026-02-03T13:30:00-05:00,2026-02-09 09:30 EST,137.875,supply_broken,9.0,False,1.335,0.993,,,,,,
2026-02-09,ANET,supply,4H/3H/2H/90m/1H,140.56,144.51,6.47,one_test,1,2026-02-02T09:30:00-05:00,2026-02-09 10:35 EST,140.38,supply_chop,,False,1.175,0.0,,,,,,
2026-02-09,APP,supply,90m/1H,406.43,410.21,3.56,one_test,1,2026-02-06T12:30:00-05:00,2026-02-09 09:30 EST,425.3,supply_broken,0.0,False,0.0,16.275,,,,,,
2026-02-09,APP,supply,1D,461.79,484.99,10.61,fresh,0,2026-02-03T00:00:00-05:00,2026-02-09 11:05 EST,461.94,supply_chop,,False,1.205,0.0,,,,,,
2026-02-09,ARM,demand,2H/1H,121.21,121.98,6.13,fresh,0,2026-02-06T11:30:00-05:00,2026-02-09 09:30 EST,119.23,demand_broken,0.0,False,5.24,3.844,,,,,,
2026-02-09,ASTS,demand,1H,101.7,102.8,3.06,one_test,1,2026-02-06T12:30:00-05:00,2026-02-09 09:30 EST,100.41,demand_broken,0.0,False,6.036,2.7,,,,,,
2026-02-09,ASTS,supply,4H,101.16,105.99,5.04,multiple_tests,2,2026-02-04T13:30:00-05:00,2026-02-09 09:30 EST,100.41,supply_broken,8.0,False,1.503,0.487,,,,,,
2026-02-09,ASTS,supply,3H/2H/90m,102.42,105.2,6.5,fresh,0,2026-02-06T12:30:00-05:00,2026-02-09 09:30 EST,100.41,supply_rejected,0.0,False,2.327,1.129,,,,,,
2026-02-09,AVGO,supply,1D,326.11,336.06,5.86,multiple_tests,2,2026-02-02T00:00:00-05:00,2026-02-09 09:30 EST,335.1,supply_broken,1.0,False,0.544,1.636,,,,,,
2026-02-09,AVGO,supply,4H/2H/90m/1H,330.43,336.03,8.44,fresh,0,2026-02-02T13:30:00-05:00,2026-02-09 09:30 EST,335.1,supply_broken,1.0,False,0.961,2.913,,,,,,
2026-02-09,AVGO,supply,1D/3H/2H/90m/1H,346.26,354.51,11.15,fresh,0,2026-01-16T00:00:00-05:00,2026-02-09 11:25 EST,346.245,supply_chop,,False,1.302,0.0,,,,,,
2026-02-09,COIN,demand,2H/90m,160.29,162.66,5.83,fresh,0,2026-02-06T11:30:00-05:00,2026-02-09 09:30 EST,159.67,demand_broken,0.0,False,3.072,0.54,,,,,,
2026-02-09,COIN,supply,4H/3H/2H/90m/1H,167.37,170.46,12.19,fresh,0,2026-02-04T13:30:00-05:00,2026-02-09 15:40 EST,167.34,unresolved,,False,1.159,0.0,,,,,,
2026-02-09,COST,demand,1D/4H/3H/2H/90m/1H,987.33,996.81,8.97,fresh,0,2026-02-05T00:00:00-05:00,2026-02-09 09:45 EST,996.885,demand_held,13.0,False,2.159,0.0,,,,,,
2026-02-09,CRM,demand,90m/1H,187.83,189.64,5.88,fresh,0,2026-02-06T14:00:00-05:00,2026-02-09 09:30 EST,189.265,demand_held,8.0,False,4.072,1.16,,,,,,
2026-02-09,CRM,supply,4H/90m,189.75,194.5,5.65,one_test,1,2026-02-05T13:30:00-05:00,2026-02-09 09:30 EST,189.265,supply_broken,17.0,False,1.846,0.147,,,,,,
2026-02-09,CRWD,demand,90m/1H,389.78,394.19,4.98,fresh,0,2026-02-06T14:00:00-05:00,2026-02-09 09:30 EST,392.77,demand_held,7.0,False,4.755,0.799,,,,,,
2026-02-09,CRWD,supply,90m,407.87,413.2,7.91,fresh,0,2026-02-05T11:00:00-05:00,2026-02-09 14:00 EST,407.68,supply_chop,,False,1.351,0.0,,,,,,
2026-02-09,GOOGL,demand,1D/3H/2H/90m/1H,320.43,324.55,7.76,multiple_tests,2,2026-01-20T00:00:00-05:00,2026-02-09 09:30 EST,322.78,demand_broken,4.0,False,1.765,0.769,,,,,,
2026-02-09,GOOGL,supply,1H,324.39,325.61,2.88,one_test,1,2026-02-06T13:30:00-05:00,2026-02-09 10:55 EST,324.75,supply_broken,3.0,False,1.914,1.713,,,,,,
2026-02-09,HIMS,demand,2H,22.46,22.69,4.83,fresh,0,2026-02-06T11:30:00-05:00,2026-02-09 09:30 EST,16.479,demand_broken,0.0,False,0.0,26.565,,,,,,
2026-02-09,HIMS,demand,1H,22.85,22.95,4.04,fresh,0,2026-02-06T14:30:00-05:00,2026-02-09 09:30 EST,16.479,demand_broken,0.0,False,0.0,65.0,,,,,,
2026-02-09,HOOD,supply,2H/1H,82.6,84.3,3.77,one_test,1,2026-02-06T11:30:00-05:00,2026-02-09 09:30 EST,84.53,supply_broken,0.0,False,0.865,2.529,,,,,,
2026-02-09,HOOD,supply,4H/1H,85.98,87.68,11.15,fresh,0,2026-02-03T13:30:00-05:00,2026-02-09 09:35 EST,85.85,supply_rejected,0.0,False,2.282,0.541,,,,,,
2026-02-09,HOOD,supply,1D,87.07,90.35,9.99,fresh,0,2026-02-03T00:00:00-05:00,2026-02-09 10:40 EST,87.392,supply_chop,,False,1.232,0.0,,,,,,
2026-02-09,INTC,demand,4H/2H/90m/1H,47.0,48.28,9.52,fresh,0,2026-02-05T13:30:00-05:00,2026-02-09 09:30 EST,48.19,demand_held,0.0,False,3.297,0.0,,,,,,
2026-02-09,INTC,supply,90m/1H,50.99,51.3,5.2,fresh,0,2026-02-06T12:30:00-05:00,2026-02-09 13:30 EST,51.045,supply_rejected,22.0,False,3.613,0.0,,,,,,
2026-02-09,IONQ,demand,1H,34.64,34.98,3.22,one_test,1,2026-02-06T12:30:00-05:00,2026-02-09 09:30 EST,33.87,demand_broken,0.0,False,2.941,2.882,,,,,,
2026-02-09,IONQ,supply,4H,34.42,35.62,5.74,multiple_tests,2,2026-02-04T13:30:00-05:00,2026-02-09 09:30 EST,33.87,supply_chop,,False,1.633,0.017,,,,,,
2026-02-09,IONQ,supply,1D,35.34,38.55,7.28,one_test,1,2026-02-04T00:00:00-05:00,2026-02-09 10:15 EST,35.427,supply_chop,,False,1.202,0.0,,,,,,
2026-02-09,META,demand,2H/1H,653.3,660.6,5.08,fresh,0,2026-02-06T13:30:00-05:00,2026-02-09 09:30 EST,667.305,demand_held,0.0,False,4.111,0.0,,,,,,
2026-02-09,META,supply,2H/90m/1H,670.07,681.5,9.52,fresh,0,2026-02-05T15:30:00-05:00,2026-02-09 09:40 EST,665.15,supply_broken,31.0,False,1.988,0.158,,,,,,
2026-02-09,MSFT,supply,2H/1H,401.31,406.31,5.76,fresh,0,2026-02-05T11:30:00-05:00,2026-02-09 09:30 EST,405.25,supply_broken,1.0,False,1.088,1.716,,,,,,
2026-02-09,MSFT,supply,1D/4H/2H/90m/1H,411.0,419.8,11.52,fresh,0,2026-02-04T00:00:00-05:00,2026-02-09 10:50 EST,411.131,supply_chop,,False,1.042,0.0,,,,,,
2026-02-09,MSTR,demand,90m/1H,130.85,133.55,5.55,fresh,0,2026-02-06T12:30:00-05:00,2026-02-09 09:30 EST,125.77,demand_broken,0.0,False,3.233,2.119,,,,,,
2026-02-09,MU,demand,4H/3H/2H/90m/1H,361.35,372.35,10.0,fresh,0,2026-01-20T13:30:00-05:00,2026-02-09 09:30 EST,372.1,demand_held,3.0,False,2.769,0.0,,,,,,
2026-02-09,MU,demand,4H/3H/2H/90m/1H,376.13,382.89,8.17,fresh,0,2026-02-05T13:30:00-05:00,2026-02-09 09:30 EST,372.1,demand_broken,0.0,False,2.32,0.806,,,,,,
2026-02-09,MU,demand,2H,386.5,391.91,4.8,fresh,0,2026-02-06T11:30:00-05:00,2026-02-09 09:30 EST,372.1,demand_broken,0.0,False,0.981,2.924,,,,,,
2026-02-09,NFLX,demand,4H/3H/2H/90m/1H,79.62,80.33,10.15,fresh,0,2026-02-03T13:30:00-05:00,2026-02-09 09:40 EST,80.3,demand_held,0.0,False,2.817,0.0,,,,,,
2026-02-09,NFLX,demand,3H/2H/90m/1H,80.58,81.67,7.08,fresh,0,2026-02-06T12:30:00-05:00,2026-02-09 09:30 EST,80.5,demand_broken,0.0,False,1.532,0.651,,,,,,
2026-02-09,NOW,demand,2H,99.96,100.24,4.79,fresh,0,2026-02-06T13:30:00-05:00,2026-02-09 09:30 EST,100.305,demand_held,0.0,False,15.321,7.0,,,,,,
2026-02-09,NOW,supply,90m,100.77,102.34,2.27,multiple_tests,2,2026-02-06T11:00:00-05:00,2026-02-09 09:35 EST,101.138,supply_broken,15.0,False,1.624,1.217,,,,,,
2026-02-09,NOW,supply,3H/90m,102.63,103.05,7.2,fresh,0,2026-02-05T15:30:00-05:00,2026-02-09 10:55 EST,102.765,supply_broken,7.0,False,1.595,2.857,,,,,,
2026-02-09,NVDA,demand,90m/1H,184.13,184.57,5.28,fresh,0,2026-02-06T12:30:00-05:00,2026-02-09 09:30 EST,187.301,demand_held,0.0,False,21.659,0.455,,,,,,
2026-02-09,NVDA,supply,1D/3H/2H/90m/1H,185.61,190.3,9.23,one_test,1,2026-02-02T00:00:00-05:00,2026-02-09 09:30 EST,187.301,supply_broken,2.0,False,1.358,0.716,,,,,,
2026-02-09,NVDA,supply,1D/2H/1H,188.85,194.49,9.73,fresh,0,2026-01-30T00:00:00-05:00,2026-02-09 09:35 EST,189.51,supply_chop,,False,1.367,0.0,,,,,,
2026-02-09,PANW,demand,1H,157.39,157.88,4.63,fresh,0,2026-02-06T12:30:00-05:00,2026-02-09 09:30 EST,159.23,demand_held,0.0,False,19.102,2.082,,,,,,
2026-02-09,PANW,demand,90m,158.31,158.62,4.56,fresh,0,2026-02-06T14:00:00-05:00,2026-02-09 09:30 EST,159.23,demand_held,0.0,False,27.225,6.258,,,,,,
2026-02-09,PANW,supply,1H,159.03,160.87,3.86,multiple_tests,3,2026-02-05T13:30:00-05:00,2026-02-09 09:30 EST,159.23,supply_rejected,0.0,False,2.446,3.196,,,,,,
2026-02-09,PANW,supply,90m,161.88,163.88,6.39,fresh,0,2026-02-05T11:00:00-05:00,2026-02-09 11:30 EST,161.85,supply_broken,30.0,False,1.185,1.435,,,,,,
2026-02-09,PANW,supply,3H/2H/90m/1H,165.65,167.56,9.23,fresh,0,2026-02-04T15:30:00-05:00,2026-02-09 14:15 EST,165.55,supply_chop,,False,1.429,0.0,,,,,,
2026-02-09,PLTR,demand,90m/1H,132.35,135.42,4.79,fresh,0,2026-02-06T14:00:00-05:00,2026-02-09 09:30 EST,137.94,demand_held,0.0,False,4.404,0.0,,,,,,
2026-02-09,PLTR,supply,4H/3H/2H/90m/1H,136.28,140.18,10.47,fresh,0,2026-02-04T13:30:00-05:00,2026-02-09 09:30 EST,137.94,supply_broken,6.0,False,1.386,1.459,,,,,,
2026-02-09,QQQ,demand,1H,607.36,608.69,4.75,fresh,0,2026-02-06T14:30:00-05:00,2026-02-09 09:30 EST,607.2,demand_broken,0.0,False,6.842,1.722,,,,,,
2026-02-09,QQQ,supply,4H,613.67,616.77,8.85,fresh,0,2026-02-03T13:30:00-05:00,2026-02-09 10:55 EST,613.65,supply_chop,,False,1.174,0.0,,,,,,
2026-02-09,RBLX,supply,1D,67.02,69.41,6.16,one_test,1,2026-02-02T00:00:00-05:00,2026-02-09 09:30 EST,70.265,supply_broken,0.0,False,0.473,2.1,,,,,,
2026-02-09,RBLX,supply,4H/2H/90m/1H,67.28,69.2,6.86,fresh,0,2026-02-02T13:30:00-05:00,2026-02-09 09:30 EST,70.265,supply_broken,0.0,False,0.479,2.724,,,,,,
2026-02-09,RKLB,demand,2H/1H,69.58,71.0,5.52,fresh,0,2026-02-06T11:30:00-05:00,2026-02-09 09:30 EST,73.14,demand_held,0.0,False,5.085,0.0,,,,,,
2026-02-09,RKLB,demand,1H,71.42,71.96,4.26,fresh,0,2026-02-06T14:30:00-05:00,2026-02-09 09:30 EST,73.14,demand_held,0.0,False,9.963,1.241,,,,,,
2026-02-09,RKLB,supply,4H,70.34,73.78,4.88,multiple_tests,2,2026-02-04T13:30:00-05:00,2026-02-09 09:30 EST,73.14,supply_broken,1.0,False,0.881,0.878,,,,,,
2026-02-09,SHOP,demand,3H/2H/1H,109.04,111.58,6.63,fresh,0,2026-02-06T12:30:00-05:00,2026-02-09 09:30 EST,112.04,demand_held,2.0,False,4.346,0.0,,,,,,
2026-02-09,SHOP,supply,90m/1H,113.23,115.72,5.53,one_test,1,2026-02-05T12:30:00-05:00,2026-02-09 09:35 EST,113.675,supply_broken,22.0,False,1.571,1.751,,,,,,
2026-02-09,SHOP,supply,4H/3H/2H/90m/1H,118.47,119.93,11.05,fresh,0,2026-02-03T13:30:00-05:00,2026-02-09 13:10 EST,118.45,supply_broken,17.0,False,1.623,0.103,,,,,,
2026-02-09,SMCI,demand,2H/90m,33.54,33.99,5.59,fresh,0,2026-02-06T11:30:00-05:00,2026-02-09 09:30 EST,32.86,demand_broken,0.0,False,0.811,1.978,,,,,,
2026-02-09,SNOW,demand,1H,167.52,168.28,1.95,multiple_tests,2,2026-02-06T11:30:00-05:00,2026-02-09 09:30 EST,170.13,demand_held,0.0,False,11.671,1.638,,,,,,
2026-02-09,SNOW,supply,1H,169.46,169.76,4.41,fresh,0,2026-02-06T13:30:00-05:00,2026-02-09 09:30 EST,170.13,supply_ambiguous_same_bar,0.0,True,11.617,22.1,,,,,,
2026-02-09,SNOW,supply,1H,172.35,173.59,4.02,one_test,1,2026-02-03T11:30:00-05:00,2026-02-09 09:35 EST,172.31,supply_rejected,0.0,False,3.379,2.258,,,,,,
2026-02-09,SOFI,supply,90m/1H,20.82,21.16,5.55,fresh,0,2026-02-06T11:00:00-05:00,2026-02-09 09:30 EST,20.945,supply_broken,1.0,False,1.059,1.265,,,,,,
2026-02-09,SPY,demand,1H,688.9,689.77,4.91,fresh,0,2026-02-06T14:30:00-05:00,2026-02-09 09:30 EST,689.87,demand_held,1.0,False,8.011,0.644,,,,,,
2026-02-09,SPY,supply,4H/3H/2H/90m/1H,695.16,696.93,10.15,fresh,0,2026-02-02T13:30:00-05:00,2026-02-09 11:45 EST,695.195,supply_chop,,False,1.91,0.0,,,,,,
2026-02-09,TEM,demand,1H,53.65,54.31,4.85,fresh,0,2026-02-06T10:30:00-05:00,2026-02-09 09:35 EST,55.02,demand_held,0.0,False,5.985,0.0,,,,,,
2026-02-09,TEM,demand,2H,54.5,54.63,4.6,fresh,0,2026-02-06T13:30:00-05:00,2026-02-09 09:30 EST,54.35,demand_ambiguous_same_bar,0.0,True,23.846,4.49,,,,,,
2026-02-09,TEM,supply,4H,55.15,56.08,7.99,one_test,1,2026-02-03T13:30:00-05:00,2026-02-09 09:30 EST,54.35,supply_rejected,1.0,False,2.327,1.634,,,,,,
2026-02-09,TSLA,demand,1H,408.7,410.28,4.83,fresh,0,2026-02-06T10:30:00-05:00,2026-02-09 09:30 EST,409.96,demand_held,2.0,False,7.943,0.892,,,,,,
2026-02-09,TSLA,supply,3H/1H,413.4,414.55,5.53,fresh,0,2026-02-06T12:30:00-05:00,2026-02-09 09:45 EST,412.685,supply_rejected,0.0,False,4.713,5.826,,,,,,
2026-02-09,TSLA,supply,1D/4H/3H/1H,418.06,428.56,9.92,fresh,0,2026-02-03T00:00:00-05:00,2026-02-09 10:55 EST,417.93,supply_chop,,False,1.166,0.0,,,,,,
2026-02-09,UBER,demand,4H/3H/2H/90m/1H,73.33,74.96,7.67,fresh,0,2026-02-04T13:30:00-05:00,2026-02-09 09:30 EST,74.43,demand_chop,,False,0.911,0.0,,,,,,
